project_name,capacity_mw,river,license_number,license_type,pipeline_status,promoter,address,latitude,longitude,province,district,municipality,issue_date,validity_date,data_source,sync_date
Aayu Chhatigad Hydropower Project,13.942,Chatti Gad,798,Survey,Proposal (Feasibility),Puwa Khola-1 Hydro Power Pvt.Ltd.,"Anamnagar-32,Kathmandu,Nepal. GPO 20863, 4102710, Kadam KC 9851159634",29.82013889,80.88152778,Province 7,DARCHULA,Apihimal,12/21/2073,12/20/2075,Niti Foundation / DoED,2026-09-29
Aayu Malun Khola Hydro-Electric Project,21.0,Malun,807,Survey,Proposal (Feasibility),Puwa Khola-1 Hydropower Private Limited,"Anamnagar-32, Kathmandu Nepal",27.37694444,86.42555556,Province 1,SOLUKHUMBU,Solududhakunda,1/15/2074,1/14/2076,Niti Foundation / DoED,2026-09-29
Adhikhola Storage HEP,180.0,Adhikhola,821,Survey,Proposal (Feasibility),Nepal Electricity Authority,"Nepal Electricity Authority, Central Office Durbarmarg, Kathmandu 4153054,4153055,4153007",27.95,83.66666667,Province 5,PALPA,Bagnaskali,2/4/2074,2/3/2076,Niti Foundation / DoED,2026-09-29
Akhu Khola-2 HPP,20.0,Akhu Khola,749,Survey,Proposal (Feasibility),Gorakshya Hydropower Pvt. Ltd.,"House no.319,Babarmahal, Kathmandu, 4219730,4225281",28.04013889,84.96263889,Province 4,GORKHA,Aarughat,7/29/2073,7/28/2075,Niti Foundation / DoED,2026-09-29
Andhi Khola,9.4,Andhi Khola,2_gtd,Operation,Operational,Butwal Power Company,0,27.93833333,83.68097222,Province 4,SYANGJA,Bhirkot,1/8/2052,12/30/2101,Niti Foundation / DoED,2026-09-29
Ankhu Khola,42.9,Ankhu Khola,184,Generation,Approved (Under Construction),Ankhu Hydropower Pvt. Ltd,"P.O. Box 19554, Kathmandu, Nepal, Phone no 4033752, 4033753, email: ankhuhp@gmail.com",28.09166667,84.99916667,Province 3,NUWAKOT,Kispang,10/27/2073,10/26/2108,Niti Foundation / DoED,2026-09-29
Ankhu Khola - 1,7.0,Ankhu Khola,32,Operation,Operational,Ankhu Jalvidut Co. Pvt. Ltd,"Kathmandu, Phone 01-4286228, 9841545350, 9851072170",28.0125,84.91597222,Province 3,DHADING,Tripura Sundari,8/26/2066,8/25/2101,Niti Foundation / DoED,2026-09-29
Apsuwa I HEP,23.0,Apsuwa,963,Survey,Proposal (Feasibility),Ram Janaki Hydropower Pvt. Ltd,"Trade Tower Thapathali, Kathmandu",27.6,87.14375,Province 1,SANKHUWASABHA,Makalu,8/28/2074,8/27/2076,Niti Foundation / DoED,2026-09-29
Arun 3,900.0,Arun,375,Survey,Proposal (Feasibility),Satluj Jal Vidyut Nigam Limited,"Saket New Delhi India 110017, Phone +91-11-41659207",27.54166667,87.26666667,Province 1,SANKHUWASABHA,Chichila,4/3/2065,10/2/2068,Niti Foundation / DoED,2026-09-29
Arun Khola 2 HEP,2.16,Arun Khola,839,Survey,Proposal (Feasibility),Himalayan Engineering and Energy Pvt. Ltd.,"Sinamangal -9, Kathmandu, mob no. 9851018901,01-4465976",27.73041667,83.895,Province 5,PALPA,Nisdi,2/24/2074,2/23/2076,Niti Foundation / DoED,2026-09-29
Arung Khola,2.0,Arung,704,Survey,Proposal (Feasibility),Shakti Hydropower Pvt. Ltd,"House No.545,Bagbazar,Kathmandu-31",27.7,83.94902778,Province 4,NAWALPARASI_E,Madhyabindu,4/12/2072,4/11/2075,Niti Foundation / DoED,2026-09-29
Badigad HPP,6.6,Badigad,129,Generation,Approved (Under Construction),Water and Energy Nepal Pvt Ltd,"P. O. Box : 4610, Panipokhari , Kathmandu, Phone: 01-4435485, Fax: 01-4435485",28.32875,83.17291667,Province 4,BAGLUNG,Dhorpatan,9/17/2071,9/16/2106,Niti Foundation / DoED,2026-09-29
Badigad Khola HPP,24.6,Badigad,777,Survey,Proposal (Feasibility),Liberty Energy co. Ltd.,"Thapathali, KTM, 4238241, 4226946",28.29125,83.17861111,Province 4,BAGLUNG,Taman Khola,9/14/2073,9/13/2075,Niti Foundation / DoED,2026-09-29
Bagar Khola Hydro-Electric Project,5.5,Bagar Khola,795,Survey,Proposal (Feasibility),Lalita Mahat,"Kathmandu Metropolitan City, Ward No. 11 Kathmandu",28.48333333,83.53208333,Province 4,MYAGDI,Raghuganga,12/13/2073,12/12/2075,Niti Foundation / DoED,2026-09-29
Bagmati Nadi,22.0,Bagmati,125,Generation,Approved (Under Construction),Mandu Hydropower Pvt. Ltd.,"Kamaladi 13,Kathmandu.Tel no. 4169088",27.52375,85.24208333,Province 3,LALITPUR,Konjyosom,3/19/2071,3/18/2106,Niti Foundation / DoED,2026-09-29
Balephi,23.52,Balephi,191,Generation,Approved (Under Construction),Balephi Jalbidhut Company Ltd,"GPO Box:772, Kathmandu Ph. No. 01-4224074,4428732, Fax:01-4266133",27.87833333,85.75833333,Province 3,SINDHUPALCHOK,Jugal,12/16/2073,12/15/2108,Niti Foundation / DoED,2026-09-29
Balephi A,10.6,Balephi,132,Generation,Approved (Under Construction),Moonlight Hydropower Company Pvt. Ltd.,"Kamaladi, Kathmandu, Phone 01-4474328,4462844",27.85416667,85.76263889,Province 3,SINDHUPALCHOK,Jugal,1/6/2072,1/5/2107,Niti Foundation / DoED,2026-09-29
Balephi Cascade HPP,17.22,Balephi,980,Survey,Proposal (Feasibility),Moon Light Hydropower Company Pvt. Ltd.,"Kalopul-7, Ktm.",27.82666667,85.76805556,Province 3,SINDHUPALCHOK,Barhabise,10/22/2074,10/21/2076,Niti Foundation / DoED,2026-09-29
Balephi Khola HEP,42.14,Balephi,894,Survey,Proposal (Feasibility),B.G Hydro Investment Co. Ltd.,"Durbarmanrga Kathmandu, Phone no 4228816, 4225364",27.96666667,85.7925,Province 3,SINDHUPALCHOK,Jugal,5/19/2074,5/18/2076,Niti Foundation / DoED,2026-09-29
Baramchi Khola HPP,4.2,Baramchi,33,Operation,Operational,Unique Hydel Pvt Ltd,"Thulo Bharyang, Kathmandu Phone 01-4672598,4672599",27.84736111,85.79069444,Province 3,SINDHUPALCHOK,Barhabise,10/26/2066,10/25/2101,Niti Foundation / DoED,2026-09-29
Begnas- Rupa Storage Project,150.0,Begnas - Rupa,938,Survey,Proposal (Feasibility),Nepal Electricity Authority,"Durbar Marg , Kathmandu",28.16875,84.11458333,Province 4,KASKI,Pokhara Lekhnath,7/23/2074,7/22/2076,Niti Foundation / DoED,2026-09-29
Betan Karnali HP,688.0,Karnali,820,Survey,Proposal (Feasibility),Betan Karnali Sanchayakarta Hydropower Company Ltd,Lalitpur,28.89180556,81.30347222,Province 7,ACHHAM,Dhakari,2/7/2074,2/6/2076,Niti Foundation / DoED,2026-09-29
Bhabil 1 Hydropower Project,13.86,Bhabil Khola,859,Survey,Proposal (Feasibility),Khare Investment Limited,"Blue star Complex, Tripureshwar Kathmandu, Ph. 01-4101140",28.21097222,85.12083333,Province 3,DHADING,Rubi Valley,3/18/2074,3/17/2076,Niti Foundation / DoED,2026-09-29
Bhairab Kund Khola,3.0,Bhairab Kund,30,Operation,Operational,Bhairabkund Hydropower Pvt. Ltd.,"Minbhawan Kathmandu, Phone01-4482201, Fax 01-4482008",27.93638889,85.93625,Province 3,SINDHUPALCHOK,Bhotekoshi,5/19/2066,5/18/2101,Niti Foundation / DoED,2026-09-29
Bhalaudi Khola HEP,4.5,Bhalaudi,939,Survey,Proposal (Feasibility),Bhalaudi Khola Hydropower Pvt. Ltd.,Banasthali Kathmandu,28.38333333,83.9675,Province 4,KASKI,Machhapuchchhre,7/23/2074,7/22/2076,Niti Foundation / DoED,2026-09-29
Bheri 4,300.0,Bheri,829,Survey,Proposal (Feasibility),Bhery Energy Pvt. Ltd,"Juwagal-10, Kupondole",28.63958333,82.12083333,Province 6,JAJARKOT,Chhedagad,2/12/2074,2/11/2076,Niti Foundation / DoED,2026-09-29
Bheri Nadi-8 (BR-8) HEP,125.0,Bheri,986,Survey,Proposal (Feasibility),Dugar Brothers and Sons Pvt. Ltd,"Ka. Ma. Na. Pa-10, Kantipath",28.90597222,82.99486111,Province 6,DOLPA,Kaike,11/10/2074,11/9/2076,Niti Foundation / DoED,2026-09-29
Bheri-1 HEP,440.0,Bheri,1012,Survey,Proposal (Feasibility),Gezhouba Group Power Investment Nepal Pvt. Ltd.,Chuchepati Kathmandu,28.93319444,82.51444444,Province 6,RUKUM_W,Aathbiskot,2/15/2075,2/14/2077,Niti Foundation / DoED,2026-09-29
Bheri-2 HEP,256.0,Bheri,975,Survey,Proposal (Feasibility),Gezhouba Group Power Investment Nepal Pvt. Ltd.,"Kathmandu, Chuchepati Baudha",28.82291667,82.37791667,Province 6,JAJARKOT,Tribeni Nalagad,9/24/2074,9/23/2076,Niti Foundation / DoED,2026-09-29
Bhim Khola Small HPP,4.96,Bhim Khola,727,Survey,Proposal (Feasibility),Shikhar Power Development Pvt.Ltd.,"Baneshower, Kathmandu 9851133303",28.28986111,83.24055556,Province 4,BAGLUNG,Galkot,3/10/2073,3/9/2075,Niti Foundation / DoED,2026-09-29
Bhotekoshi 1 Hydropower Project,44.0,Bhotekoshi,969,Survey,Proposal (Feasibility),Shailung Power Company Pvt. Ltd.,"Khumaltar, Lalitpur",27.89791667,85.91902778,Province 3,SINDHUPALCHOK,Bhotekoshi,9/11/2074,9/10/2076,Niti Foundation / DoED,2026-09-29
Bhotekoshi Khola Hydropower Project,33.5,Bhote Koshi,1009,Survey,Proposal (Feasibility),Pawan Kumar Golyan,"Rangeli, Morang, Phone no 014671201",28.17083333,85.34583333,Province 3,RASUWA,Gosaikunda,2/10/2075,2/9/2077,Niti Foundation / DoED,2026-09-29
Bhurundi Khola Small HPP,4.73,Bhurundi Khola,837,Survey,Proposal (Feasibility),Yadav Raj Mainali,"Kathmandu-09, Battisjputali",28.31763889,83.76333333,Province 4,KASKI,Annapurna,2/21/2074,2/20/2076,Niti Foundation / DoED,2026-09-29
Bijayapur-1,4.5,Bijayapur,34,Operation,Operational,Bhagawati Hydropower Development Company,0,28.18375,84.03291667,Province 4,KASKI,Madi,12/22/2066,12/21/2101,Niti Foundation / DoED,2026-09-29
Bijaypur Khola-2 HPP,4.5,Bijaypur,166,Generation,Approved (Under Construction),Civil hydropower company,"Lekhanath Nagarpalika, Phone no 0610465562, email : civilhydropower@gmail.com",28.16486111,84.03833333,Province 4,KASKI,Pokhara Lekhnath,4/25/2073,4/24/2108,Niti Foundation / DoED,2026-09-29
Botekoshi 5 HYDROPOWER PROJECT,62.0,Bhotekoshi,641,Survey,Proposal (Feasibility),KALIKA ENERGY PVT LTD,"Bharatpur-10, Chitwan, Tel: 056-522440,520456, PBN 21534; FX 4439155",27.78902778,85.88375,Province 3,SINDHUPALCHOK,Bhotekoshi,7/26/2069,12/19/2075,Niti Foundation / DoED,2026-09-29
Brahmayani HPP,40.0,Balefi Khola,836,Survey,Proposal (Feasibility),Ekikrit Byapar Company Pvt. Ltd.,"Chakupat-15, Lalitpur",28.04722222,85.76916667,Province 3,SINDHUPALCHOK,Jugal,2/23/2074,2/22/2076,Niti Foundation / DoED,2026-09-29
Budhi Gandaki Hydropower Project,341.0,Budhi Gandaki,601,Survey,Proposal (Feasibility),Times Enery Pvt. Ltd,"Baneswor Kathmandu, 01-4460606, 9851024986",28.325,84.89930556,Province 4,GORKHA,Dharche,1/14/2068,1/28/2076,Niti Foundation / DoED,2026-09-29
Budhi Gandaki Kha HEP,260.0,Budhigandaki,988,Survey,Proposal (Feasibility),Nilgiri Khola Hydropower Company Limited,"Kamaladi, Kathmandu",28.17722222,84.86666667,Province 4,GORKHA,Dharche,12/8/2074,12/7/2076,Niti Foundation / DoED,2026-09-29
Budhi Gandaki Nadi HPP,91.15,Budhi Gandaki,931,Survey,Proposal (Feasibility),"Surya Energy Pvt.Ltd,","Mharajgunj, Kathmandu",28.46402778,84.88472222,Province 4,GORKHA,Chum Nubri,7/15/2074,7/14/2076,Niti Foundation / DoED,2026-09-29
Budhi Gandaki Prok Khola HEP,420.0,Budhi Gandaki,902,Survey,Proposal (Feasibility),Chilime Hydropower Company Limited,"Dhumbarahi, Kathmandu, 01-4370720",28.54694444,84.80833333,Province 4,GORKHA,Chum Nubri,5/26/2074,5/25/2076,Niti Foundation / DoED,2026-09-29
Budum,11.8,budum,916,Survey,Proposal (Feasibility),Arun Valley Hydropower Development Company Pvt. Ltd.,"Thapathali, Kathmandu, phone no 5111085",27.48652778,86.84791667,Province 1,SANKHUWASABHA,Silichong,0/1/0,6/30/2076,Niti Foundation / DoED,2026-09-29
Buku Khola,6.0,Buku,216,Generation,Approved (Under Construction),Apolo Hydropower Pvt.Ltd,"Lalitpur, phone: 5201375",27.51972222,86.36236111,Province 3,RAMECHHAP,Umakunda,9/25/2074,9/24/2109,Niti Foundation / DoED,2026-09-29
Buku-Kapati Hydropower Project,5.0,Buku,203,Generation,Approved (Under Construction),Him Star Urja Company Pvt. Ltd.,"Baluwatar-4, Kathmadu. PO Box : 20762, Phone no 4167507, 6911637",27.51111111,86.38944444,Province 1,SOLUKHUMBU,Solududhakunda,5/8/2074,5/7/2109,Niti Foundation / DoED,2026-09-29
Chainpur Seti,210.0,Seti Khola,867,Survey,Proposal (Feasibility),Nepal Electricity Authority,"Durbar Marg , Kathmandu",29.675,81.30208333,Province 7,BAJHANG,Talkot,3/30/2074,3/29/2076,Niti Foundation / DoED,2026-09-29
Chake Khola,2.83,Chake Khola,114,Operation,Operational,Garjang Upatyaka HP Company Limited,"Khusibu, Ward No. 17, KTM",27.62972222,86.33708333,Province 3,RAMECHHAP,Umakunda,11/21/2070,11/20/2105,Niti Foundation / DoED,2026-09-29
Chaku Khola,3.0,Chaku,17,Operation,Operational,Alliance Power Nepal P.Ltd,0,27.875,85.92083333,Province 3,SINDHUPALCHOK,Bhotekoshi,11/4/2061,11/3/2096,Niti Foundation / DoED,2026-09-29
Chameliya Khola,30.0,Chameliya Khola,20,Operation,Operational,Nepal Electricity Authority,0,29.70833333,80.69166667,Province 7,DARCHULA,Shailyashikhar,9/4/2063,9/3/2098,Niti Foundation / DoED,2026-09-29
Charnawati Khola Hydroelectric Project,3.52,Charnawati,40,Operation,Operational,Nepal Hydro Developer Pvt Ltd,"Baneswar-10, Kathmandu, Tel; 4441131, Fax: 014441973,POB: 26435",27.64305556,86.02791667,Province 3,DOLAKHA,Bigu,8/17/2067,8/16/2102,Niti Foundation / DoED,2026-09-29
Chauri Khola,5.0,Chauri,156,Generation,Approved (Under Construction),Chauri Hydropower P Ltd,"Anamnagar-32 , KTM, Ph: 014102696, Fax 4102696, email - chaurihydro@gmail.com",27.60763889,85.87652778,Province 3,DOLAKHA,Bhimeshwor,1/14/2073,1/13/2108,Niti Foundation / DoED,2026-09-29
Chepe Khola HPP,7.0,Chepe Khola,707,Survey,Proposal (Feasibility),Champawati Hydro Power P.Ltv,"Kathmandu -14 Balkhu,4036085,4036086",28.12958333,84.5675,Province 4,LAMJUNG,Dudhpokhari,8/16/2072,8/15/2075,Niti Foundation / DoED,2026-09-29
Chepe Khola Small Hydropower Project,8.63,Chepe Khola,843,Survey,Proposal (Feasibility),Aashutosh Investment Pvt. Ltd.,"KMC-16, Kathmandu, 01-4359237 (Jivraj Kandel)",28.19708333,84.63763889,Province 4,GORKHA,Ajirkot,2/24/2074,2/23/2076,Niti Foundation / DoED,2026-09-29
Chhandi Khola,2.0,Chhandi,103,Operation,Operational,Chhyandi Hydropower Co. P. Ltd,"Ph: 014424925, 9851095497, 014426483",28.26055556,84.47888889,Province 4,LAMJUNG,Dordi,5/24/2070,5/23/2105,Niti Foundation / DoED,2026-09-29
Chhomron Khola Small Hydro Power Project,3.914,Chhomron Khola,872,Survey,Proposal (Feasibility),Ghandruk Hydro Private Limited,"Banasthali, Kathmandu-16, Kathmandu",28.43194444,83.82736111,Province 4,KASKI,Annapurna,4/8/2074,4/7/2076,Niti Foundation / DoED,2026-09-29
Chhote khola,0.993,Chhote,0,Operation,Operational,Pashupati Environmental Engineering Company Pvt. Ltd.,"Kaldhara, Kathmandu, P.O. Box: 8975 EPC 5308 Phone : 4361915",28.17236111,84.89416667,Province 4,GORKHA,Aarughat,7/4/2060,0/1/0,Niti Foundation / DoED,2026-09-29
Chilime,22.0,Chilime,6,Operation,Operational,Chilime Hydropower Company Limited,0,28.16972222,85.31958333,Province 3,RASUWA,Gosaikunda,4/26/2054,11/30/2104,Niti Foundation / DoED,2026-09-29
Chino Khola HEP,8.5,Chino,1018,Survey,Proposal (Feasibility),Butwal Power Company,"Budhhanagar, Kathmandu",28.54375,84.33097222,Province 4,MANANG,Nashong,3/4/2075,3/3/2077,Niti Foundation / DoED,2026-09-29
Chisang Khola -A Small Hydropower Project,1.8,Chisang,676,Survey,Proposal (Feasibility),Chisang Hydro Pvt Ltd,"Kirtipur-17, Kathmandu, Tel: 9841617469",26.82111111,87.48944444,Province 1,PANCHTHAR,Miklajung,12/9/2070,12/8/2075,Niti Foundation / DoED,2026-09-29
Chujung Khola HEP,48.0,Chujung,1023,Survey,Proposal (Feasibility),Sangrila Urja Pvt. Ltd,"Babarmahal, Kathmandu",27.75611111,87.47680556,Province 1,SANKHUWASABHA,Bhotkhola,4/20/2075,4/19/2077,Niti Foundation / DoED,2026-09-29
ChulepuKhola Hydropower Project,8.52,"Chulepu,Dhunde Khola",155,Generation,Approved (Under Construction),Chandeswari Mahadev Khola Micro Hydro Com.P.Ltd.,"Madhyapur Thimi 15, Kausaltar,Bhaktapur 6630660,9851088190",27.50527778,86.28069444,Province 3,RAMECHHAP,Umakunda,1/13/2073,1/12/2108,Niti Foundation / DoED,2026-09-29
Chunchet Syar Khola HEP,60.0,Syar Khola,993,Survey,Proposal (Feasibility),Chilime Hydropower Company Limited,"Dumbarahi Kathmandu, 014370773, 01-4370793",28.45763889,84.93361111,Province 4,GORKHA,Chum Nubri,12/25/2074,12/24/2076,Niti Foundation / DoED,2026-09-29
Chyandi Khola,5.1,Chyandi Khola,854,Survey,Proposal (Feasibility),Puspa Duwadi,"Bichour VDC-1, 9841285734",28.22652778,84.62777778,Province 4,LAMJUNG,Dudhpokhari,3/15/2074,3/14/2076,Niti Foundation / DoED,2026-09-29
Dadagau Khalanga Bheri Hydropower Project,128.0,Bheri,806,Survey,Proposal (Feasibility),Gezhouba Group Power Investment Nepal Pvt. Ltd.,"Boudha, Kathmandu 6, Nepal. mob: 9818349684,9803435888",28.73958333,82.27277778,Province 6,JAJARKOT,Bheri,1/10/2074,1/9/2076,Niti Foundation / DoED,2026-09-29
Dana Khola Hydropower Project,19.0,Dana Khola,941,Survey,Proposal (Feasibility),Lalupate Hydropower Company Pvt. Ltd.,"Kathmandu Metropolitan City, Ward No. 07, Lampokhari Marg, Kathmandu, 9841584500, 9851052451",28.51555556,84.37791667,Province 4,MANANG,Nashong,7/26/2074,7/25/2076,Niti Foundation / DoED,2026-09-29
Daram Khola HEP,7.3,Daram,183,Generation,Approved (Under Construction),Daram Khola Hydro Energy Limited,"Baglung, Nepal Phone: 9851012086, 9857622240, 068-690939, email : daramkholahydroenergy@gmail.com",28.19583333,83.33930556,Province 5,GULMI,Musikot,10/23/2073,10/22/2108,Niti Foundation / DoED,2026-09-29
Daram Khola-A,2.5,Daram,89,Operation,Operational,Sayapatri Hydropower Pvt. Ltd.,"Gongabu-29 Kathmandu, Phone 01-4364009",28.28847222,83.41625,Province 4,MYAGDI,Mangala,2/2/2070,2/1/2105,Niti Foundation / DoED,2026-09-29
Daraundi A,6.0,Daraundi,62,Operation,Operational,Daraundi Kalika Hydro,"Samakhusi, Kathmandu, Nepal. Ph: 4360076",28.1225,84.67722222,Province 4,GORKHA,Sulikot,2/16/2069,2/15/2104,Niti Foundation / DoED,2026-09-29
Daraundi-1,10.0,Daraundi,158,Generation,Approved (Under Construction),Diamond Hydropower Pvt. Ltd,"Babarmahal, Kathmandu. Po. Box no 21287, Phone no 44442330, Email durga_amagain@yahoo.com",28.07763889,84.65722222,Province 4,GORKHA,Aarughat,2/26/2073,2/5/2108,Niti Foundation / DoED,2026-09-29
Darkhola Small HPP,4.64,Dar Khola,804,Survey,Proposal (Feasibility),"Darkhola Hydropower Pvt. Ltd.,","Ktm 29 Samakhushi, Phone 4388581, 9851140372",28.50555556,83.32597222,Province 4,MYAGDI,Dhaulagiri,1/10/2074,1/9/2076,Niti Foundation / DoED,2026-09-29
Devdhunga Chaku Khola HEP,3.56,Chaku and Devdhunga,974,Survey,Proposal (Feasibility),Devdhunga Malika Hydropower Pvt. Ltd,"New Baneshwor, Kathmandu, 9851229755, 01-4480251",27.86194444,85.98194444,Province 3,SINDHUPALCHOK,Bhotekoshi,9/21/2074,9/20/2076,Niti Foundation / DoED,2026-09-29
Devighat,14.1,Trishuli,1_gtd,Operation,Operational,Nepal Electricity Authority,0,27.90222222,85.13888889,Province 3,NUWAKOT,Panchakanya,12/6/2051,11/30/2101,Niti Foundation / DoED,2026-09-29
Dhansi Khola Mini,0.996,Dhansi,0,Generation,Approved (Under Construction),M/S Teleye Samyak Hydropower Co. Pvt. Ltd. ( Anand Pradhan),"Lazimpat-2, House No: 86, Kathmandu, P.O. Box: 8643, Tel: 9841259058",28.32,82.64486111,Province 5,ROLPA,Rolpa,7/30/2067,0/1/0,Niti Foundation / DoED,2026-09-29
Dhaula Khola HEP,9.5,Dhaula,983,Survey,Proposal (Feasibility),Dhaulashree Power Pvt. Ltd,"Ka. Ma. Na. Pa- 03, Kathmandu",28.57861111,83.26125,Province 4,MYAGDI,Dhaulagiri,11/11/2074,11/10/2076,Niti Foundation / DoED,2026-09-29
Dhauligad Sunakhani Bagar SHP,0.99,Dhauligad,0,Survey,Proposal (Feasibility),"Khecheswor Jalvidyut Co P Ltd, Bhajhang","Contact address: Bishal nagar Kathmandu, 4410184, 4421204, 9841298479",29.45097222,81.16055556,Province 7,BAJHANG,JayaPrithivi,3/6/2073,3/5/2075,Niti Foundation / DoED,2026-09-29
Dhunge - Jiri,0.6,Dhunge Khola,0,Generation,Approved (Under Construction),Dronachal Hydropower Company Pvt. Ltd.,"Sanepa Lalitpur, Phone 01-5522297, 9841262909",27.63652778,86.23055556,Province 3,DOLAKHA,Gaurishankar,3/24/2070,0/1/0,Niti Foundation / DoED,2026-09-29
dobhan Khola HPP,16.0,Dobhan Khola,1008,Survey,Proposal (Feasibility),Upper Syange Hydropower Ltd,"Chandol-4, Kathmandu, Phone no 4442860",28.28888889,84.92777778,Province 4,GORKHA,Chum Nubri,2/9/2075,2/8/2077,Niti Foundation / DoED,2026-09-29
Dordi Dudh Khola Small Hydropower,20.8,Dordi,745,Survey,Proposal (Feasibility),Amar Nath Shrestha,"Budhabare-9, Jhapa, Tel 4354727,9851026084",28.35444444,84.60069444,Province 4,LAMJUNG,Dordi,7/3/2073,7/2/2075,Niti Foundation / DoED,2026-09-29
Dordi Khola,27.0,Dordi,48,Generation,Approved (Under Construction),Himalaya Power Partner Pvt. Ltd,"POB 8975 EPC 4205 Marajaganj,Kathmandu,nepal Phoneand Fax: 4375874",28.19611111,84.45416667,Province 4,LAMJUNG,Sundarbazar,3/23/2068,3/22/2103,Niti Foundation / DoED,2026-09-29
Dordi-1,10.3,Dordi,82,Generation,Approved (Under Construction),Dordi Khola Jalvidyut Company Limited,"Tripushwor, Kathmandu, P.O. Box: 20290, Ph:4232748, 4232749, Fax: 4232750",28.23944444,84.46388889,Province 4,LAMJUNG,Dordi,10/12/2069,10/11/2104,Niti Foundation / DoED,2026-09-29
Down Piluwa,9.5,Piluwa Khola,113,Generation,Approved (Under Construction),River Falls Hydropower Development P. Ltd.,"P.O.Box, 14165, Anamnagar, Kathmandu, Phone 01-4238159, Fax 01-4102651",27.24583333,87.28472222,Province 1,SANKHUWASABHA,Panchakhapan,11/4/2070,11/3/2105,Niti Foundation / DoED,2026-09-29
Dudh Khola Dordi HPP,5.0,Dudh Khola,860,Survey,Proposal (Feasibility),Cheef Bahadur Thapa,"kathmandu-3,Srijansil Marg, Nepal. 9851087501,4229124",28.37583333,84.60638889,Province 4,LAMJUNG,Dordi,3/22/2074,3/21/2076,Niti Foundation / DoED,2026-09-29
Dudh khola HPP,65.0,Dudh Khola,818,Survey,Proposal (Feasibility),Sita Hydropower Company Pvt.Ltd.,"Kathmandu 13 kalimati,, Sitaram Timilsina",28.53944444,84.37708333,Province 4,MANANG,Nashong,2/4/2074,2/3/2076,Niti Foundation / DoED,2026-09-29
Dudh Khola Small HPP,5.0,Dudh Khola,917,Survey,Proposal (Feasibility),Mahendra Bahadur Baniya,"Balkhu Kathmandu, Phone no 4785923, 4278134, 9851073403",28.36486111,84.6275,Province 4,GORKHA,Chum Nubri,6/24/2074,6/23/2076,Niti Foundation / DoED,2026-09-29
Dudhkoshi 10 HEP,75.0,Dudhkoshi,868,Survey,Proposal (Feasibility),Lotus Investment Pvt. Ltd,"Lazimpat 2, Kathmandu",27.77263889,86.71666667,Province 1,SOLUKHUMBU,Khumbupasanglahmu,4/2/2074,4/1/2076,Niti Foundation / DoED,2026-09-29
Dudhkoshi-6 HEP,83.0,Dudh Koshi,717,Survey,Proposal (Feasibility),Yeti Trade and Developers Pvt. Ltd.,"Gongabu-29, Kathmandu.",27.68277778,86.7125,Province 1,SOLUKHUMBU,Khumbupasanglahmu,12/2/2072,12/1/2075,Niti Foundation / DoED,2026-09-29
Dudhkoshi-9 HPP,111.0,Dudhkoshi,785,Survey,Proposal (Feasibility),Urja Developers Pvt.Ltd.,"Tripureshwor-11, Kathmandu,Po Box 1223 Kathamandu, 9851022915,9851036606,9851059177",27.72555556,86.71666667,Province 1,SOLUKHUMBU,Khumbupasanglahmu,11/2/2073,11/1/2075,Niti Foundation / DoED,2026-09-29
Dudhkunda Khola HPP,12.0,Solu Khola,793,Survey,Proposal (Feasibility),Mount Everest Power Development P.Ltd.,"Mahalaxmisthan , Lalitpur-13, Ph. 01-5523784,5527469, 9851039258(Arjun Paudel)",27.60208333,86.60555556,Province 1,SOLUKHUMBU,Khumbupasanglahmu,12/8/2073,12/7/2075,Niti Foundation / DoED,2026-09-29
Dudhpokhari Chepe HEP,8.836,Chepe Khola,935,Survey,Proposal (Feasibility),Dudhpokhari Chepe Hydropower Pvt. Ltd,"Kathmandu-10, 01-4004103, Contact person- Kiran Shrestha 9851157962",28.26583333,84.65763889,Province 4,GORKHA,Ajirkot,7/21/2074,7/20/2076,Niti Foundation / DoED,2026-09-29
Durbang Myagdi Khola,25.0,Myagdi Khola,130,Generation,Approved (Under Construction),Dhaulagiri Kalika Hydropower P Ltd,"Kathmandu-6,, Banasthali, Phone no 4353348, 9851044986",28.41458333,83.40694444,Province 4,MYAGDI,Mangala,11/4/2071,11/3/2106,Niti Foundation / DoED,2026-09-29
Dwari Khola SHP,3.75,Dwari,124,Operation,Operational,Bhugol Energy Development Company Pvt Ltd,"Kupandole, Lalitpur, Tel: 9841488723,9841505699",28.93166667,81.82847222,Province 6,JAJARKOT,Junichande,2/26/2071,2/25/2106,Niti Foundation / DoED,2026-09-29
Elun Khola,0.485,Elun Khola,0,Survey,Proposal (Feasibility),Suresh Kumar Shrestha,"Okhalthunga. P O no.5813,kathmandu",27.39319444,86.38847222,Province 1,OKHALDHUNGA,Molung,12/11/2072,0/1/0,Niti Foundation / DoED,2026-09-29
Feme khola,0.995,Pheme,0,Operation,Operational,Khoranga Khola Hydropower Development Company Pvt. Ltd.,0,27.14763889,87.79277778,Province 1,PANCHTHAR,Falelung,1/25/2063,0/1/0,Niti Foundation / DoED,2026-09-29
Galkot Daram Hydroectric Project,5.0,Daram,739,Survey,Proposal (Feasibility),Galkot Daram Hydropower Ltd.,"Thapathali, Kathmandu, Phone no 4232733, 9860009358",28.2125,83.40708333,Province 4,BAGLUNG,Kanthekhola,6/7/2073,6/6/2075,Niti Foundation / DoED,2026-09-29
Gamari Gad HEP,4.36,Gamari Gad,827,Survey,Proposal (Feasibility),Ram Prasad Acharya,"Bijuli- 6 Pyuthan 9851145001, 01-4601672",28.67791667,82.79888889,Province 5,RUKUM_E,Dhorpatan Hunting Reserve,2/10/2074,2/9/2076,Niti Foundation / DoED,2026-09-29
Gandak,15.0,Narayani,1_gtd,Operation,Operational,Nepal Electricity Authority,0,27.44680556,83.86291667,Province 5,NAWALPARASI_W,Pratappur,12/6/2051,11/30/2101,Niti Foundation / DoED,2026-09-29
Gapuche Madi Nadi HEP,24.0,Madi,1022,Survey,Proposal (Feasibility),Empower Hydropower Pvt. Ltd.,Kaski,28.43472222,84.11666667,Province 4,MANANG,Chame,3/18/2075,3/17/2077,Niti Foundation / DoED,2026-09-29
Garjan Khola Small HPP,0.9,Garjan Khola,0,Survey,Proposal (Feasibility),Ice Land Power Pvt.ltd.,"Kathmandu-35,Jadibuti 4472160. 9843312689",27.64958333,86.33569444,Province 3,DOLAKHA,Jiri,12/31/2073,12/30/2075,Niti Foundation / DoED,2026-09-29
Gasali Khola Small HEP,4.5,Gasali,955,Survey,Proposal (Feasibility),Himshila Power Company Pvt Ltd,"Babarmahal, Kathmandu, 01-4222934, 01-4225281",28.08305556,85.03555556,Province 3,DHADING,Rubi Valley,8/12/2074,8/11/2076,Niti Foundation / DoED,2026-09-29
Gelun Khola HPP,3.2,Gelun,93,Generation,Approved (Under Construction),Gelun Khola Hydropower Company Pvt Ltd,"Baneswar, Kathmandu Tel: 4492150",27.83472222,85.79791667,Province 3,SINDHUPALCHOK,Barhabise,2/6/2070,2/5/2105,Niti Foundation / DoED,2026-09-29
Ghalemdi Khola,5.0,Ghalemdi,110,Generation,Approved (Under Construction),Ghalemdi Hydro Limited,"P.O.Box 9560, Banasthatli, Kathmandu; Tel. 014362520; 69521079; ghalemdi@gmail.com",28.53333333,83.6875,Province 4,MYAGDI,Annapurna,9/14/2070,9/13/2105,Niti Foundation / DoED,2026-09-29
Ghar Khola,8.3,Ghar,137,Generation,Approved (Under Construction),Myagdi Hydropower Pvt. Ltd.,"Pardi Pokhara, Phone 061-463429",28.46736111,83.65277778,Province 4,MYAGDI,Annapurna,3/11/2072,3/10/2107,Niti Foundation / DoED,2026-09-29
Ghatte Khola,5.0,Ghatte Khola,138,Generation,Approved (Under Construction),Mankamana Engineering HP,"P.O.Box. 8020, Kathmandu,4785771",27.78041667,86.29652778,Province 3,DOLAKHA,Gaurishankar,3/24/2072,3/23/2107,Niti Foundation / DoED,2026-09-29
Ghatte Khola Small HPP,0.99,Ghatte Khola,0,Survey,Proposal (Feasibility),Gaun Ghar Ujjyalo Small Hydropower Co Lt.,"Gatthaghar, Bhaktapur, Phone no. 6635391",27.89083333,85.73694444,Province 3,SINDHUPALCHOK,Bhotekoshi,0/1/0,0/1/0,Niti Foundation / DoED,2026-09-29
Ghunsa Khola HPP,71.5,Ghunsa Khola,737,Survey,Proposal (Feasibility),Remit Hydro Ltd,"Babarmahal, Kathmandu-11,4257024,4257025,9851084895 fax4251060",27.54805556,87.83305556,Province 1,TAPLEJUNG,Phaktanglung,4/18/2073,4/17/2076,Niti Foundation / DoED,2026-09-29
Ghunsa Khola HPP,155.82,Ghunsa khola,991,Survey,Proposal (Feasibility),RM Investment Company Pvt. Ltd.,"New Baneshor, Ktm, Nepal, Ph. No. 4781891",27.6125,87.89236111,Province 1,TAPLEJUNG,Phaktanglung,12/13/2074,12/12/2076,Niti Foundation / DoED,2026-09-29
Ghunsa-Tamor HPP,43.0,Tamor,812,Survey,Proposal (Feasibility),Nepal Hydro Venture Pvt.Ltd.,"Bluestar Hotel complex, Thapathali, Kathmandu. PO Box 23585",27.54416667,87.79791667,Province 1,TAPLEJUNG,Phaktanglung,1/29/2074,1/28/2076,Niti Foundation / DoED,2026-09-29
Gidi Khola HEP,9.0,Gidi,1001,Survey,Proposal (Feasibility),Himal Group of Energy Pvt. Ltd,"United World Trade Center, Tripureshwor, Kathmandu, 9851053161 Himal Gurung",29.20930556,82.1675,Province 6,JUMLA,Tatopani,1/7/2075,1/6/2077,Niti Foundation / DoED,2026-09-29
Gochyang Khola Small HEP,0.8,Gochyang (Pung) Khola,0,Survey,Proposal (Feasibility),Ram kaji Pandit,"Tadi Rural Municipality, Nuwakot, 9841893002",28.00180556,85.28111111,Province 3,RASUWA,Naukunda,0/1/0,0/1/0,Niti Foundation / DoED,2026-09-29
Gohare (Ichowk) SHP,0.95,Gohora,0,Generation,Approved (Under Construction),Ichowk Hydropower Pvt. Ltd.,"Ratopul, Kathmandu, Phone no 9851120651",27.94333333,85.50763889,Province 3,SINDHUPALCHOK,Panchpokhari Thangpal,12/8/2074,0/1/0,Niti Foundation / DoED,2026-09-29
Gudrung Khola Small HPP,0.8,Gudrung Khola,0,Survey,Proposal (Feasibility),Ranikuwa International Hydropower Com.Pvt.,"Siddhara_5, Arghakhanchi",27.78263889,83.04027778,Province 5,ARGHAKHANCHI,Sitganga,1/31/2073,0/1/0,Niti Foundation / DoED,2026-09-29
Gulandi Khola SHP,0.98,Gulandi,0,Generation,Approved (Under Construction),Jhilimili Hydropower Company Pvt. Ltd.,"Pokhara-11, Kaski, Phone: 9856029779",28.06708333,83.55361111,Province 4,BAGLUNG,Jaimuni,2/16/2075,0/1/0,Niti Foundation / DoED,2026-09-29
Gumu Khola HEP,0.95,Gumu Khola,0,Survey,Proposal (Feasibility),Gumu Khola Bhyakure Hydropower P.Ltd. (Mitra Bahadur Shrestha),"Ward No.7 Khare VDC, Dolakha",27.72083333,86.12708333,Province 3,DOLAKHA,Bigu,5/20/2073,5/19/2075,Niti Foundation / DoED,2026-09-29
Hewa A Small HEP,5.0,Hewa Khola,235,Generation,Approved (Under Construction),Habitat Power Company Pvt. Ltd,"01-4469808, 9841531682",27.18583333,87.86875,Province 1,PANCHTHAR,Yangwarak,4/14/2075,4/13/2110,Niti Foundation / DoED,2026-09-29
Hewa khola,4.455,Hewa Khola,25,Operation,Operational,Barun Hydropower Development Co. Pvt. Ltd,0,27.32041667,87.33111111,Province 1,SANKHUWASABHA,Sabhapokhari,1/22/2065,1/21/2100,Niti Foundation / DoED,2026-09-29
Hewa Khola (Chainpur) HEP,2.5,Hewa Khola,889,Survey,Proposal (Feasibility),Chapung Tem Hydropower Pvt. Ltd,"Baneshwor, Kathmandu Dipak Kumar Rai",27.30222222,87.26111111,Province 1,SANKHUWASABHA,Khandbari,5/14/2074,5/13/2076,Niti Foundation / DoED,2026-09-29
Hewa Khola A,14.9,Hewa Khola,74,Operation,Operational,Panchthar Power Company Pvt. Ltd.,"Hativan 15, Lalitpur, Phone 01-5251003 fax 5251004",27.18083333,87.82055556,Province 1,PANCHTHAR,Falelung,8/21/2069,8/20/2104,Niti Foundation / DoED,2026-09-29
Hidi Khola HPP,6.82,Hidi Khola,789,Survey,Proposal (Feasibility),North Summit Hydro Pvt.ltd.,"Anamnagar-32,Kathmandu, 9851147724,9851121726, P.O Box 19820",28.37861111,84.50236111,Province 4,LAMJUNG,Marsyangdi,11/24/2073,11/23/2075,Niti Foundation / DoED,2026-09-29
Himchuli Dordi Hydropower Project,57.0,Dordi,699,Survey,Proposal (Feasibility),Peoples Hydropower Company Pvt. Ltd,"Anamnagar, Kathmandu, Po Box No. 25038",28.32736111,84.57916667,Province 4,GORKHA,Chum Nubri,12/13/2071,12/12/2075,Niti Foundation / DoED,2026-09-29
Hongu Khola HPP,21.87,Hongu Khola,799,Survey,Proposal (Feasibility),Union Hydropower Ltd,"Lalitpur-3, Dhobighat, Phone no. 5525406",27.55666667,86.895,Province 1,SANKHUWASABHA,Silichong,12/21/2073,12/20/2075,Niti Foundation / DoED,2026-09-29
Hongu Khola I HEP,18.64,Hongu Khola,857,Survey,Proposal (Feasibility),Khare Investment Limited,"Bluestar Complex, Tripureshwor, Kathmandu 01-4101140,01-4251080",27.48208333,86.78541667,Province 1,SOLUKHUMBU,Mahakulung,3/15/2074,3/14/2076,Niti Foundation / DoED,2026-09-29
Humla Karnali 1 HPP,235.0,Humla Karnali,998,Survey,Proposal (Feasibility),Sichuan Wangping Energy Science and Technology Co. Ltd.,"177 Tianfu Ave. Hi-tech Zone, Chengdu, China",29.7375,81.9875,Province 6,HUMLA,Chankheli,12/29/2074,12/28/2076,Niti Foundation / DoED,2026-09-29
Humla Karnali 2 HPP,335.0,Humla Karnali,999,Survey,Proposal (Feasibility),Sichuan Wangping Energy Science and Technology Co. Ltd.,"No. 177 Tianfu Ave. Hitech Zone Chengdu, China",29.82319444,81.89569444,Province 6,HUMLA,Sarkegad,12/29/2074,12/28/2076,Niti Foundation / DoED,2026-09-29
Idi Khola SHP,0.975,Idi Khola,0,Generation,Approved (Under Construction),Idi Hydropower Co.P. Ltd.,P.O.Box: 2838 mobile 9851018118 Email: idihydro@gmail.com,28.23263889,84.11638889,Province 4,KASKI,Madi,12/1/2072,0/1/0,Niti Foundation / DoED,2026-09-29
Ikhuwa Khola HEP,30.0,Ikhuwa,1000,Survey,Proposal (Feasibility),Upper Arun Hydro Electric Limited,"Durbar Marg Kathmandu,9851022252( Bishwo Dhoj Joshi), 01-4153039,4117154,4117163,4153227",27.6,87.38652778,Province 1,SANKHUWASABHA,Makalu,1/7/2075,1/6/2077,Niti Foundation / DoED,2026-09-29
Ilep Tatopani Khola HPP,25.0,Tatopani(Ilep) Khola,708,Survey,Proposal (Feasibility),Jalshakti Hydro companu Pvt Ltd,"Ward -11, Babarmahal, Kathmandu",28.21458333,85.07152778,Province 3,DHADING,Rubi Valley,9/3/2072,9/2/2075,Niti Foundation / DoED,2026-09-29
Indrawati -III,7.5,Indrawati Khola,7,Operation,Operational,National Hydropower Company Pvt. Ltd.,0,27.87402778,85.605,Province 3,SINDHUPALCHOK,Panchpokhari Thangpal,11/14/2054,9/29/2104,Niti Foundation / DoED,2026-09-29
Irkhuwa Khola Ka HPP,14.1,Irkhuwa Khola,731,Survey,Proposal (Feasibility),Estern Hydropower Pvt.Ltd.,"P.O.no.26153,Baluwatar,kathmandu 4432068,4227406,9841254097",27.39791667,86.99722222,Province 1,BHOJPUR,Salpasilichho,3/24/2073,3/23/2075,Niti Foundation / DoED,2026-09-29
Irkhuwa Khola-B HPP,15.524,Irkhuwa Khola,222,Generation,Approved (Under Construction),Barah Multi Power Pvt Ltd,"House No 171/16 Anamnagar, Gautam Buddha MargaKathmandu , Tel : 4255190, email info@barahamultipower.com",27.40875,87.08166667,Province 1,SANKHUWASABHA,Chichila,11/3/2074,11/2/2109,Niti Foundation / DoED,2026-09-29
Istul Khola HPP,1.506,Istul,210,Generation,Approved (Under Construction),Amar Jyoti Hydropower Pvt Ltd,"Man Bhavan , Lalitpur -20, PO- 134,Tel: 01-5552175",28.08486111,84.75833333,Province 4,GORKHA,Sulikot,8/14/2074,8/13/2109,Niti Foundation / DoED,2026-09-29
Isuwa Khola Hydropower Project,97.2,Isuwa Khola,697,Survey,Proposal (Feasibility),Dolakha Nirman Company Pvt. Ltd.,"Biratnagar -13, Morang,Nepal 021472227",27.59208333,87.21569444,Province 1,SANKHUWASABHA,Makalu,11/4/2071,11/3/2075,Niti Foundation / DoED,2026-09-29
Iwa Khola,9.9,Iwa Khola,139,Generation,Approved (Under Construction),Rairang Hydropower Development Co Ltd,"Trade Tower Building, Thapathali ,Katmandu Tel no 01 5111015",27.28194444,87.84986111,Province 1,TAPLEJUNG,Sirijangha,3/28/2072,3/27/2107,Niti Foundation / DoED,2026-09-29
Jagdulla HEP,307.0,Bheri,862,Survey,Proposal (Feasibility),Jagdulla Hydropower Company Limited,"Thapagaun, Kathmandu",29.06819444,82.57111111,Province 6,JAJARKOT,Tribeni Nalagad,3/18/2074,3/17/2076,Niti Foundation / DoED,2026-09-29
Jaldigad,21.0,Jaldi Gad,786,Survey,Proposal (Feasibility),Shangrila Hydropower Pvt. Ltd.,"Sinamangal-9, Kathmandu, Phone no 98510265131",28.82916667,82.45694444,Province 6,JAJARKOT,Tribeni Nalagad,11/20/2073,11/19/2075,Niti Foundation / DoED,2026-09-29
Jeuli Gad,0.996,Jeuli and Bauli,0,Generation,Approved (Under Construction),Rangunkhola Hydropower Pvt.Ltd.,"P.O.Box 23330, Kathmandu, Phone 01-4377462",29.59375,81.15527778,Province 7,BAJHANG,Talkot,3/22/2072,0/1/0,Niti Foundation / DoED,2026-09-29
Jeuli-Gad Cascade Hydroelectric Project,2.0,Jeuli Gad,875,Survey,Proposal (Feasibility),Shurma Bhagwati Developers Pvt. Ltd.,"Dhangadhi Sub-Metropolitan-4, Kailai, Mo. 9858423199 (Mrs. Laxmi Bhatta)",29.56791667,81.17847222,Province 7,BAJHANG,Talkot,4/15/2074,4/14/2076,Niti Foundation / DoED,2026-09-29
Jhakre-2 Mini HPP,0.4,Jhakre Khola,0,Survey,Proposal (Feasibility),Khimti Gramin Bidhyut Sahakari Sanstha Limited,"Shahare -4, Kirne ,Dolakha",27.57097222,86.17277778,Province 3,DOLAKHA,Gaurishankar,7/1/2074,6/30/2076,Niti Foundation / DoED,2026-09-29
Jhankre Mini HPP,0.635,Jhakre Khola,0,Operation,Operational,Khimti Gramin Bidhyut Sahakari Sanstha Limited,"Kirne, Dolakha, Phone no 9844196798",27.56652778,86.18680556,Province 3,DOLAKHA,Jiri,10/17/2074,0/1/0,Niti Foundation / DoED,2026-09-29
Jhimruk Aglung HPP,1.5,Jhimruk,747,Survey,Proposal (Feasibility),Aglung Hydropower Company P.Ltd.,"Sandhikhark, Arghakhanchi.9851095535,9841439122",28.24444444,83.02847222,Province 4,BAGLUNG,Nisikhola,7/5/2073,7/4/2075,Niti Foundation / DoED,2026-09-29
Jhimruk Khola,12.5,Jhimruk,3_gtd,Operation,Operational,Butwal Power Company,0,28.07333333,82.80986111,Province 5,PYUTHAN,Mandavi,1/25/2052,12/30/2101,Niti Foundation / DoED,2026-09-29
Jhyari Khola,2.0,Jhyari Khola,63,Operation,Operational,"Electrocom and Research Centre, 9851003846","Baneshwor, Kathamandu - 10, Ph. 9851003846,9751000944",27.75902778,85.67736111,Province 3,SINDHUPALCHOK,Chautara SangachokGadhi,0/1/0,2/29/2104,Niti Foundation / DoED,2026-09-29
Jiri Khola SHP,2.4,Jiri Khola,42,Operation,Operational,Bojini Company (P.) Ltd,"Buddhanagar, Kathmandu. G.P.O Box: 8974, 4783532,4782765",27.59875,86.22833333,Province 3,RAMECHHAP,Gokulganga,11/17/2067,11/16/2102,Niti Foundation / DoED,2026-09-29
Jogmai Cascade,6.0,Jogmai Khola,686,Survey,Proposal (Feasibility),Sanvi Energy Pvt. Ltd.,"Kupondole, Lalitpur. PO Box: 9875 EPC 3141",26.90541667,88.00819444,Province 1,ILAM,Suryodaya,6/22/2071,6/21/2075,Niti Foundation / DoED,2026-09-29
Jogmai Khola,7.6,Jogmai Khola,86,Operation,Operational,Sanvi Energy Pvt. Ltd.,"G.P. O. Box 8975, EPC 1341 KTM , Pulchok Lalitpur, Phone 5532860",26.91722222,88.03736111,Province 1,ILAM,Maijogmai,12/29/2069,12/28/2104,Niti Foundation / DoED,2026-09-29
Jum Khola Hydropower Project,62.0,Jum,711,Survey,Proposal (Feasibility),Sanima Hydropower Prvt Ltd,"Nagpokhari Naxal, Tel. 4446442",27.95875,86.23152778,Province 3,DOLAKHA,Bigu,9/9/2072,9/8/2075,Niti Foundation / DoED,2026-09-29
Jumdi Khola Small,1.75,Jumdi,52,Generation,Approved (Under Construction),"Jumdi Hydropower Pvt. Ltd.,","Old Baneshwor, Kathmandu-34, Mobile: 9841662955",28.03458333,83.45222222,Province 5,GULMI,Kaligandaki,7/7/2068,7/6/2103,Niti Foundation / DoED,2026-09-29
Junbeshi,5.2,Junbeshi,80,Generation,Approved (Under Construction),Dobhan Hydropower Pvt.Ltd.,"Tinkune, Koteswor, Kathmandu, P.O.Box 23746, Phone 01-4486911",27.56986111,86.55958333,Province 1,SOLUKHUMBU,Solududhakunda,9/20/2069,9/19/2104,Niti Foundation / DoED,2026-09-29
Junbesi Small,0.964,Junbesi Khola,0,Survey,Proposal (Feasibility),samiran Rai,"Basikhora 1, Bhojpur, 9851155780",27.55375,86.57541667,Province 1,SOLUKHUMBU,Solududhakunda,2/7/2074,2/6/2076,Niti Foundation / DoED,2026-09-29
Jurimba Khola Small Hydropower Project,9.824,Jurimba,683,Survey,Proposal (Feasibility),Jurimba Hydropower Company Pvt. Ltd,"Minbhawan, Kathmandu",27.91472222,85.90611111,Province 3,SINDHUPALCHOK,Bhotekoshi,4/15/2071,4/14/2075,Niti Foundation / DoED,2026-09-29
Kabeli B - 1,25.0,Kabeli Khola,98,Generation,Approved (Under Construction),Arun Kabeli Power Limited.,"Baneshwor, Ktm, P.O. Box: 11039, Ph: 01-4109801, 4475234, Fax: 4474895",27.28,87.80972222,Province 1,TAPLEJUNG,Yangwarak,3/28/2070,3/27/2105,Niti Foundation / DoED,2026-09-29
Kabeli B1 Cascade HPP,9.94,Kabeli Khola,732,Survey,Proposal (Feasibility),Arun Valley Hydropower Development Company Ltd.,"Trade Tower Nepal, 2 nd floor,Thapathali, Kathmandu",27.27388889,87.77375,Province 1,PANCHTHAR,Yangwarak,4/5/2073,4/4/2075,Niti Foundation / DoED,2026-09-29
Kabeli-3 HEP,21.93,Kabeli,933,Survey,Proposal (Feasibility),Kabeli Hydropower Company Pvt. Ltd,"kathmandu-28, 9851030667, GPO Box 24311",27.39013889,87.86972222,Province 1,TAPLEJUNG,Sirijangha,7/20/2074,7/19/2076,Niti Foundation / DoED,2026-09-29
Kabeli-A,37.6,Kabeli Khola,70,Generation,Approved (Under Construction),Kabeli Energy Limited,"Budhanagar, GPO Box: 11728, Kathmandu Tel: 4781776",27.26013889,87.72291667,Province 1,TAPLEJUNG,Sirijangha,5/21/2069,5/20/2104,Niti Foundation / DoED,2026-09-29
Kalanga,15.33,Kalanga Gad,151,Generation,Approved (Under Construction),Kalanga Hydropower P Ltd,"Sukedhara, Kathmandu, Po. Box. No. 21399, Phone No. 01-4116052, 01-4116053, Email: info.kghep@gmail.com",29.54069444,80.87916667,Province 7,BAJHANG,Bungal,12/14/2072,12/13/2107,Niti Foundation / DoED,2026-09-29
Kali Gandaki A,144.0,Kali Gandaki,4,Operation,Operational,Nepal Electricity Authority,0,27.96555556,83.52944444,Province 5,PALPA,Tansen,7/21/2053,11/30/2101,Niti Foundation / DoED,2026-09-29
Kali Gandaki-Kowan,400.0,Kali Gandaki,167,Generation,Approved (Under Construction),Ambeswor Engineering Hydropower Pvt. Ltd,"P.O. Box no 8975 EPC 1834, Phone no 5000300",28.65208333,83.62791667,Province 4,MUSTANG,Thasang,0/1/0,4/30/2103,Niti Foundation / DoED,2026-09-29
Kaligandaki Upper,65.0,Kali Gandaki,220,Generation,Approved (Under Construction),Tradelink Global P. Ltd,"PO. Box no. 5771, Babarmahal, Kathmandu, Tel No. 4244408",28.40472222,83.59333333,Province 4,MYAGDI,Annapurna,10/24/2074,10/23/2109,Niti Foundation / DoED,2026-09-29
Kaligandki Gorge,164.0,Kali Gandaki,264,Survey,Proposal (Feasibility),NECT-HYM JV,"P.O.Box 7061, Phone - 014487460",28.5625,83.64375,Province 4,MYAGDI,Annapurna,9/23/2063,5/22/2075,Niti Foundation / DoED,2026-09-29
Kalika Kaligandaki HEP,49.5,Kali Gandaki,876,Survey,Proposal (Feasibility),Maulakalika Hydropower Company Pvt. Ltd,"Purano Baneshwor, Kathmandu, 3851025301, 9813768555 ( Santosh Paudel)",27.72569444,84.335,Province 4,NAWALPARASI_E,Gaidakot,4/16/2074,4/15/2076,Niti Foundation / DoED,2026-09-29
Kalinchok Small,2.6,Budhekhani khola and Bhumithan,856,Survey,Proposal (Feasibility),Himalayan Energy Pvt. Ltd.,"Kathmandu-34,",27.79875,86.06027778,Province 3,DOLAKHA,Bigu,3/18/2074,3/17/2076,Niti Foundation / DoED,2026-09-29
Kapadigad,3.3,Kapadigad,111,Generation,Approved (Under Construction),Salmanidevi Hydropower Pvt Ltd,"Dhunga Adda, Tinthana-7,KTM, 014316325",29.01041667,80.76736111,Province 7,KAILALI,Chure,9/14/2070,9/13/2105,Niti Foundation / DoED,2026-09-29
Karuwa Seti HEP,32.0,Seti,992,Survey,Proposal (Feasibility),Jhyamolongma Hydropower Development Company Pvt. Ltd.,"kaski, Pokhara, 9849821564, 01-5520254,5543896,5012027",28.38916667,83.97777778,Province 4,KASKI,Madi,12/25/2074,12/24/2076,Niti Foundation / DoED,2026-09-29
Kasuwa Khola HPP,45.0,Kasuwa,213,Generation,Approved (Under Construction),Kasuwa Hydropower Ltd,"Tripureshwor, Kathmandu, Tel: 4101140, 4251080, email: info@kasuwakhola.com.np",27.60555556,87.28277778,Province 1,SANKHUWASABHA,Makalu,9/3/2074,9/2/2109,Niti Foundation / DoED,2026-09-29
Khadigad Khola,0.5,khadigad,0,Survey,Proposal (Feasibility),Khadigad Khola Mini HP,Rukum,28.79097222,82.48958333,Province 6,RUKUM_W,Aathbiskot,6/2/2071,0/1/0,Niti Foundation / DoED,2026-09-29
Khani Khola,2.0,Khani Khola,85,Operation,Operational,Khani Khola Hydropower Company Ltd,"Baluwatar Kathmandu, P.O.Box 8975,Ph 01-4417220",27.49083333,85.29472222,Province 3,LALITPUR,Bagmati,11/3/2069,11/2/2104,Niti Foundation / DoED,2026-09-29
Khani Khola (Dolakha),30.0,Khani Khola,92,Generation,Approved (Under Construction),Sasha Engineering Hydropower P. Ltd,"Kuleshwor, P. O. Box: 8856, Kathmandu, Nepal. Ph: 4227646, 4220842, Mobile No.: 9851020234",27.80111111,86.30694444,Province 3,DOLAKHA,Gaurishankar,2/10/2070,2/9/2105,Niti Foundation / DoED,2026-09-29
Khani Khola - 1,40.0,Khani Khola,46,Generation,Approved (Under Construction),"Green Life Energy Pvt.Ltd,Sirin Bhawan, Lalitpur-1, Kupakdole","P.O.Box 3970, Kathmandu, Phone 01-5010712,Fax- 5010694",27.81888889,86.35,Province 3,DOLAKHA,Gaurishankar,1/28/2068,1/27/2103,Niti Foundation / DoED,2026-09-29
Khani Khola Small HPP,0.979,Khani Khola,0,Survey,Proposal (Feasibility),"Dwarika prasad acharya,Syangbo Sherpa,Jalandhar Kafle","Bulung 2, Dolakha",27.61972222,86.10583333,Province 3,DOLAKHA,Gaurishankar,5/6/2074,5/5/2074,Niti Foundation / DoED,2026-09-29
Khare Hydropower Project,24.1,Khare,122,Generation,Approved (Under Construction),Constorium Power Developers Pvt Ltd,"Sinamangal, Kathmandu, Tel; 4462856, fax: 4462856",27.78,86.26666667,Province 3,DOLAKHA,Gaurishankar,1/21/2071,1/20/2106,Niti Foundation / DoED,2026-09-29
Khatyat Khola SHP,0.5,Khatyat,0,Generation,Approved (Under Construction),"Shrijanshil Krishi Sahakari Sanstha Ltd,","Shukdhik VDC, Mugu, Tel: 9848082036, P.O. Box: 20506",29.51111111,81.85625,Province 6,MUGU,Khatyad,8/9/2073,0/1/0,Niti Foundation / DoED,2026-09-29
Khimrung HPP,9.4,Khimrung,884,Survey,Proposal (Feasibility),Milan Hydro Pvt. Ltd.,"Pokhara-9, Phone no 06153400, 061534000",28.40833333,83.79805556,Province 4,KASKI,Annapurna,0/1/0,4/30/2076,Niti Foundation / DoED,2026-09-29
Khimti -I,60.0,Khimti Khola,1,Operation,Operational,Himal Power Limited,0,27.51319444,86.17555556,Province 3,DOLAKHA,Tamakoshi,11/1/2051,10/29/2101,Niti Foundation / DoED,2026-09-29
Khimti Ghwang Khola Small HPP,9.8,Khimti Khola,852,Survey,Proposal (Feasibility),Nil Ganga Hydrpower Company Pvt.Ltd.,"Suwidhanagar, Tinkune, Kathmandu-35 Ph. No. 01-4111853, 4111674",27.70097222,86.35347222,Province 3,DOLAKHA,Gaurishankar,3/13/2074,3/12/2076,Niti Foundation / DoED,2026-09-29
Khimti II,48.8,Khimti Khola,179,Generation,Approved (Under Construction),Peoples Hydro sahakari Sastha Limited,"Shanti Nagar -34, Kathamandu, P.O.Box 10242, Phone 01-4781891, Fax 01-4781891",27.56944444,86.19861111,Province 3,DOLAKHA,Tamakoshi,9/22/2073,9/21/2108,Niti Foundation / DoED,2026-09-29
Khorunga Khola,4.8,Khoranga Khola,87,Generation,Approved (Under Construction),Reliable Hydropower Company. P. Ltd,"P.O. Box: 516 , Khumaltar, Lalitpur, Nepal. Ph: 5550505",27.17097222,87.54486111,Province 1,TERHATHUM,Menchayam,12/29/2069,12/28/2104,Niti Foundation / DoED,2026-09-29
Khudi Khola,4.0,Khudi,16,Operation,Operational,Khudi hydropower limited,0,28.29166667,84.34166667,Province 4,LAMJUNG,Marsyangdi,11/13/2061,11/12/2096,Niti Foundation / DoED,2026-09-29
Kimathanka Arun HEP,450.0,Arun,853,Survey,Proposal (Feasibility),Vidhyut Utpadan Company Limited,Thapagaun kathmandu,27.79513889,87.43013889,Province 1,SANKHUWASABHA,Bhotkhola,3/13/2074,3/12/2076,Niti Foundation / DoED,2026-09-29
Kingtang Khola Small HPP,4.0,Kingtang Khola,718,Survey,Proposal (Feasibility),Vision Hydro And Elecrtric Pvt.Ltd.,"House no.267/95,Jankoshi,Banasthali-16,Kathmandu,4390229",28.02708333,84.99388889,Province 3,DHADING,Rubi Valley,1/14/2073,1/13/2076,Niti Foundation / DoED,2026-09-29
Kisedi KHola HEP,0.998,Kisedi Khola,0,Survey,Proposal (Feasibility),CEDB Hydropower Development Company Ltd..,"Bluestar complex, Tripureshwor, Kathmandu , Binay Kumar Bhandari 9851115387",28.20291667,84.51708333,Province 4,LAMJUNG,Dordi,5/6/2074,5/5/2076,Niti Foundation / DoED,2026-09-29
Kisedi Khola Small HPP,4.6,Kisedi Khola,788,Survey,Proposal (Feasibility),Ana Multipurpose Company Pvt.Ltd.,"kathmandu-4,Maharagunj,Kathmandu, Nepal. 4371748,9851168163,9851124993,9843176324",28.19694444,84.48416667,Province 4,LAMJUNG,Dordi,11/24/2073,11/23/2075,Niti Foundation / DoED,2026-09-29
Kule Khani Third,14.0,Kulekhani,24,Generation,Approved (Under Construction),Nepal Electricity Authority,0,27.4875,85.04166667,Province 3,MAKAWANPUR,Bhimphedi,12/17/2064,12/16/2099,Niti Foundation / DoED,2026-09-29
Kulekhani-I,60.0,Kulekhani,1_gtd,Operation,Operational,Nepal Electricity Authority,0,27.5825,85.15986111,Province 3,MAKAWANPUR,Indrasarowar,12/6/2051,11/30/2101,Niti Foundation / DoED,2026-09-29
Kulekhani-II,32.0,Kulekhani,1_gtd,Operation,Operational,Nepal Electricity Authority,0,27.51833333,85.09069444,Province 3,MAKAWANPUR,Bhimphedi,12/6/2051,11/30/2101,Niti Foundation / DoED,2026-09-29
Kunban Khola HPP,8.2,Kunban,809,Survey,Proposal (Feasibility),Sushmit Energy Pvt. Ltd.,"Kathmandu, Nepal, Phone no 01-5199073, 01-5199454, Sushil pokhrel 9851050406 , Email info@sushmitenergy.com",28.65,83.37222222,Province 4,MYAGDI,Dhaulagiri,1/17/2074,1/16/2076,Niti Foundation / DoED,2026-09-29
Kuwadi Khola Hydropower Project,9.6,Kuwadi,952,Survey,Proposal (Feasibility),Reliable Hydropower Company Pvt. Ltd.,"Heritage Plaza-2, Kamaladi Kathmnadu-31, Ph. 4169116, 4169117, Post Box No. 516",29.65180556,81.70166667,Province 6,HUMLA,Tanjakot,8/12/2074,8/10/2076,Niti Foundation / DoED,2026-09-29
Kyadusyo Khola Small HEP,4.5,Kyadusyo,961,Survey,Proposal (Feasibility),J.P Hydropower Pvt. Ltd,"Kathmandu, 9851104303",28.42722222,84.1075,Province 4,KASKI,Madi,8/25/2074,8/24/2076,Niti Foundation / DoED,2026-09-29
Ladku Khola Small HPP,2.4,Ladku Khola,866,Survey,Proposal (Feasibility),Roshi Valley Power Development P. Ltd.,"Anamnagar, 9851023025,4102570",27.53472222,85.53652778,Province 3,KABHREPALANCHOK,Dhulikhel,3/27/2074,3/26/2076,Niti Foundation / DoED,2026-09-29
Landruk Modi HEP,86.59,Modi Khola,822,Survey,Proposal (Feasibility),Annapurna Bidhyut Bikas Company,"Baneshwor Kathmandu, Ram Prasad Acharya 9851145001",28.44569444,83.86166667,Province 4,KASKI,Machhapuchchhre,2/9/2074,2/8/2076,Niti Foundation / DoED,2026-09-29
Langdi Khola Small HPP,4.0,Langdi,865,Survey,Proposal (Feasibility),Ujyalo Nepal Hydro Pvt. Ltd.,Katmandu-04,28.18319444,84.6,Province 4,LAMJUNG,Dudhpokhari,3/23/2074,3/22/2076,Niti Foundation / DoED,2026-09-29
Langtang Khola Small Hydropower Project,10.0,Langtang,142,Generation,Approved (Under Construction),Multi Energy Development Pvt. Ltd.,"P.O.Box 10242 Kathmandu 10, Phone 01 4781891 email langtangkhola@gmail.com",28.1575,85.35680556,Province 3,RASUWA,Gosaikunda,6/1/2072,5/31/2107,Niti Foundation / DoED,2026-09-29
Lankhuwa Khola,5.0,Lankhuwa,200,Generation,Approved (Under Construction),Sabhapokhri Hydropower Pvt Ltd,"P.O. Box. 13901, Kusanti, Lalitpur, Tel: 9849447747",27.43541667,87.29583333,Province 1,SANKHUWASABHA,Chichila,3/28/2074,3/27/2109,Niti Foundation / DoED,2026-09-29
Lantang Khola Reservoir Hydropower Project,310.0,Langtang,780,Survey,Proposal (Feasibility),Yeti \world Investment Pvt. Ltd.,"Tilganga, Ringroad, Kathmandu. P.O.Box no. 8643 Ph. No. 4465888 Fax. 4465388 mobile no. 9843421881 (Manoj Malla)",28.18125,85.43763889,Province 3,RASUWA,Gosaikunda,9/25/2073,9/24/2075,Niti Foundation / DoED,2026-09-29
Lapche Khola,160.0,Lapche,212,Generation,Approved (Under Construction),Nasa Hydropower Company P Ltd,"Laxman Babu Bhawan, Naxal, Kathmandu, Phone no 4414355, 4414651, 9801012101, email: info@mvdugarhydro.com",28.01513889,86.19138889,Province 3,DOLAKHA,Bigu,9/2/2074,9/1/2109,Niti Foundation / DoED,2026-09-29
Lapche- Tamakoshi HEP,22.0,"Lapche, Tamakoshi",985,Survey,Proposal (Feasibility),Dynamic Hydro Energy Pvt. Ltd,"Lazimpat, Kathmandu",27.97375,86.21597222,Province 3,DOLAKHA,Bigu,11/13/2074,11/12/2076,Niti Foundation / DoED,2026-09-29
Likhu -1,77.0,Likhu Khola,145,Generation,Approved (Under Construction),Pan Himay Energy Pvt. Ltd,"Ph. 01-4244352, 1815/105 Kantipath, Kathmandu",27.63819444,86.45,Province 1,SOLUKHUMBU,Likhupike,6/22/2072,6/21/2107,Niti Foundation / DoED,2026-09-29
Likhu -2,55.0,Likhu Khola,146,Generation,Approved (Under Construction),Global Hydropower Associate Pvt. Ltd,"Kantipath, Kathmandu, Phone no 4225009",27.58736111,86.40597222,Province 1,SOLUKHUMBU,Likhupike,6/22/2072,6/21/2107,Niti Foundation / DoED,2026-09-29
Likhu Khola 'A',51.0,Likhu Khola,148,Generation,Approved (Under Construction),Numbur Himalaya Hydropower Pvt. Ltd,"P.O.Box 4286 Kathmandu, Phone 014478774",27.54458333,86.37152778,Province 1,SOLUKHUMBU,Likhupike,7/16/2072,7/15/2107,Niti Foundation / DoED,2026-09-29
Likhu-4,52.4,Likhu Khola,59,Generation,Approved (Under Construction),Green Ventures Pvt. Ltd,"P.O.Box 772, Triveni Complex Putalisadak kathmandu, Ph 5544736",27.45819444,86.29166667,Province 3,RAMECHHAP,Gokulganga,11/28/2068,11/27/2098,Niti Foundation / DoED,2026-09-29
Liping Khola,16.26,Liping,164,Generation,Approved (Under Construction),Him River Power Pvt. Ltd,"RR Complex, 4th Floor, Narayan Chaur, Naxal, Kathmandu; Tel: 4441535, Fax: 44435714; P.O. Box: 3797",27.97930556,85.95194444,Province 3,SINDHUPALCHOK,Bhotekoshi,4/12/2073,4/11/2108,Niti Foundation / DoED,2026-09-29
Lodo Khola Small HEP,1.73,Lodo Khola,841,Survey,Proposal (Feasibility),Liberty Energy Company Ltd.,"Thapathali Kathmandu, Atmaram Ghimire 01-4238241",28.26694444,84.53763889,Province 4,LAMJUNG,Dordi,2/26/2074,2/26/2076,Niti Foundation / DoED,2026-09-29
Lohare Khola,4.2,Lohore Khola,105,Generation,Approved (Under Construction),"Lohare Khola Hydropower Co. P. L.,","Anamnagar, Kathmandu, POBox 5558, Phone 9841461609",28.90597222,81.80527778,Province 6,KALIKOT,Mahawai,6/8/2070,6/7/2105,Niti Foundation / DoED,2026-09-29
Lomsa HEP,1.1,Dhamile- Ghatte,910,Survey,Proposal (Feasibility),Pathibhara Hydropower Pvt. Ltd,"Kathmandu, 9851023429",27.68694444,86.32583333,Province 3,RAMECHHAP,Umakunda,6/18/2074,6/17/2076,Niti Foundation / DoED,2026-09-29
Lower Balephi,20.0,Balephi,881,Survey,Proposal (Feasibility),Sajha Power Development,"Buddanagar-10, Kathmandu",27.78361111,85.76180556,Province 3,SINDHUPALCHOK,Barhabise,4/25/2074,4/24/2076,Niti Foundation / DoED,2026-09-29
Lower Barun Khola HPP,132.0,Barun Khola,681,Survey,Proposal (Feasibility),Ampik Energy Pvt Ltd,"Sinamangal,Kathmandu , Tel: 5010505,016211581",27.70666667,87.33541667,Province 1,SANKHUWASABHA,Bhotkhola,3/12/2071,3/11/2075,Niti Foundation / DoED,2026-09-29
Lower Bhim Khola HPP,3.6,Bhim Khola,811,Survey,Proposal (Feasibility),Shikhar Power Development Pvt. Ltd.,"Kathmandu-35, Prakash Baral, Mob. No. 9851133303",28.28986111,83.20513889,Province 4,BAGLUNG,Galkot,1/22/2074,2/21/2076,Niti Foundation / DoED,2026-09-29
Lower Bom Khola HPP,0.184,Bom Khola,0,Survey,Proposal (Feasibility),Lukla Surke Laghu Jalabidhut Upobhokta Samiti,"Chaurikharka, Solukhumbu",27.67847222,86.72361111,Province 1,SOLUKHUMBU,Khumbupasanglahmu,4/12/2074,4/11/2076,Niti Foundation / DoED,2026-09-29
Lower Chaku Khola,1.8,Chaku,26,Operation,Operational,Laughing Buddha Power Nepal Pvt. Ltd,0,27.88597222,85.91833333,Province 3,SINDHUPALCHOK,Bhotekoshi,5/9/2065,5/8/2100,Niti Foundation / DoED,2026-09-29
Lower Charnawati,6.4,Charnawati,706,Survey,Proposal (Feasibility),Nepal Hydro Developer Pvt. Ltd,"Dillibazar, Kathamdnu 9851132428.PO no.26435",27.62347222,86.05777778,Province 3,DOLAKHA,Kalinchok,6/18/2072,6/17/2075,Niti Foundation / DoED,2026-09-29
Lower Chhote Khola Small HPP,0.997,Chhote,0,Generation,Approved (Under Construction),Pashupati Environmental Power Company Pvt. Ltd.,"Po. Box no 20968, Kathmandu-16, Kaaldhara, Phone: 4380505",28.17236111,84.88541667,Province 4,GORKHA,Aarughat,4/16/2073,0/1/0,Niti Foundation / DoED,2026-09-29
Lower Chirkhuwa,4.06,Chirkhuwa,196,Generation,Approved (Under Construction),Chirkhuwa Hydropowerr Pvt. Ltd.,"P.O.Box 19387, Kathmandu, Phone 01-4770297",27.37930556,87.12527778,Province 1,SANKHUWASABHA,Khandbari,2/22/2074,2/21/2109,Niti Foundation / DoED,2026-09-29
Lower Dudkunda HPP,6.0,Dudh Kunda,874,Survey,Proposal (Feasibility),Rakam Chemjung,"Bauddha-6, Kathmandu 9851114505",27.56666667,86.59305556,Province 1,SOLUKHUMBU,Dudhkoshi,4/15/2074,4/14/2076,Niti Foundation / DoED,2026-09-29
Lower Hewa,21.6,Hewa Khola,99,Generation,Approved (Under Construction),Mountain Hydro Nepal (P.) Ltd,"P.O. Box: 3970, New Baneshwor, Kathmandu, Nepal. Ph: 015525184, 4299844, Fax 01-5525184",27.16,87.75638889,Province 1,PANCHTHAR,Phidim,4/9/2070,4/8/2105,Niti Foundation / DoED,2026-09-29
Lower Hewa Khola-A HPP,7.3,Hewa Khola,722,Survey,Proposal (Feasibility),Panch Khapan Hydropower P.Ltd.,"Kathmandu-34, Banesor,Nepal,016201315,4116068,panchkhapan hydropower2072@gmail.com",27.30805556,87.29458333,Province 1,SANKHUWASABHA,Sabhapokhari,3/5/2073,3/4/2076,Niti Foundation / DoED,2026-09-29
Lower Iguwa Khola Hydro-Electric Project,6.9,Iwa Khola,846,Survey,Proposal (Feasibility),"Sri Ram Neupane & Srijana Khadka,",Bharatpur-4 Chitwan & Baneshwor-1 Kathmandu Respectively,27.28125,87.86888889,Province 1,TAPLEJUNG,Sidingba,2/26/2074,2/25/2076,Niti Foundation / DoED,2026-09-29
Lower Irkhuwa Khola,14.15,Irkhuwa Khola,219,Generation,Approved (Under Construction),Lower Irkhuwa HP Co PL,"Ghattekulo Kathmandu 32, P.O.Box. 19387, Phone 01-5172685, email: irkhuwa@gmail.com",27.41555556,87.11402778,Province 1,SANKHUWASABHA,Chichila,10/23/2074,10/23/2109,Niti Foundation / DoED,2026-09-29
Lower Isuwa Khola HPP,37.7,Isuwa Khola,815,Survey,Proposal (Feasibility),Sonam Lama Shrestha,"Bouddha-6, Kathmandu P>O 2534, 9818785021",27.55833333,87.25027778,Province 1,SANKHUWASABHA,Bhotkhola,2/1/2074,1/31/2076,Niti Foundation / DoED,2026-09-29
Lower Jhyari Khola Small HPP,2.5,Jhyari Khola,741,Survey,Proposal (Feasibility),Electrocom and Research Center Ltd,"Baneshowe-10, Kathmandu 9851133303",27.73541667,85.67930556,Province 3,SINDHUPALCHOK,Jugal,6/9/2073,6/8/2075,Niti Foundation / DoED,2026-09-29
Lower Jogmai Khola HPP,6.2,Jogmai Khola,787,Survey,Proposal (Feasibility),Asian Hydropower Pvt. Ltd,"Kathmandu-10 New Baneshwor, P.O. Box 9879, 4491882,4470887, 9851018025",26.89111111,87.97722222,Province 1,ILAM,Suryodaya,11/24/2073,11/23/2075,Niti Foundation / DoED,2026-09-29
Lower Kalanga Gad Hydroelectric Project,8.0,Kalanga Gad,754,Survey,Proposal (Feasibility),Bagthala Hydro Pvt.ltd.,"Central Business Park ,Thapathali,kathamndu,",29.49583333,80.89111111,Province 7,BAJHANG,Bungal,8/8/2073,8/7/2075,Niti Foundation / DoED,2026-09-29
Lower Khani-B HEP,6.2,Khani,925,Survey,Proposal (Feasibility),Koplang Energy Hydropower Pvt.Ltd.,"Gokarneshwor-15, Kathmandu",27.81583333,86.32916667,Province 3,DOLAKHA,Gaurishankar,0/1/0,7/30/2076,Niti Foundation / DoED,2026-09-29
Lower Khare,11.0,Khare,64,Generation,Approved (Under Construction),Universal Power Company P. Ltd,"Thapathali KTM, POB : 13961, Ph no: 014261827, 4252216",27.75597222,86.21208333,Province 3,DOLAKHA,Gaurishankar,3/19/2069,3/18/2104,Niti Foundation / DoED,2026-09-29
Lower Khorunga,5.5,Khoranga Khola,165,Generation,Approved (Under Construction),IDS Energy Pvt. Ltd,"Heritedge Plaza, Kathmandu, Phone no 4169116, 4169117, Fax no 4169118, Emai info@idsenergy.com",27.14041667,87.55861111,Province 1,TERHATHUM,Phedap,4/12/2073,4/11/2108,Niti Foundation / DoED,2026-09-29
Lower Likhu,28.1,Likhu Khola,154,Generation,Approved (Under Construction),Swaita Ganga Hydropower and Construction Pvt. Ltd.,"P.O.Box. 439, Naxal, Kathmandu, Phone 01-4415314, 4446442, Fax 01-44412777",27.40513889,86.24097222,Province 3,RAMECHHAP,Umakunda,12/28/2072,12/27/2107,Niti Foundation / DoED,2026-09-29
Lower Melamchi HEP,4.0,Melamchi,1013,Survey,Proposal (Feasibility),Gugeshwori Energy Pvt. Ltd,"Bajramarga, Baudhha Kathmandu",27.98125,85.53888889,Province 3,SINDHUPALCHOK,Helambu,2/16/2075,2/15/2077,Niti Foundation / DoED,2026-09-29
Lower Mid Rawa Khola HEP,3.64,Rawa,997,Survey,Proposal (Feasibility),"Lokraj Sharma, Shambhu Prasad Ghimire, Satya Narayan Prajapati",Bhaktapur,27.34166667,86.80013889,Province 1,KHOTANG,Kepilasagadhi,12/29/2074,12/28/2076,Niti Foundation / DoED,2026-09-29
Lower Midim Khola SHP,0.996,Midim Khola,0,Generation,Approved (Under Construction),Tallo Midim Jalbidhyut Company Pvt. Ltd.,"Tirlingtar-7, Kathmandu, Tel: 4386514",28.17402778,84.27138889,Province 4,LAMJUNG,Sundarbazar,7/19/2071,0/1/0,Niti Foundation / DoED,2026-09-29
Lower Modi Khola,20.0,Modi Khola,38,Generation,Approved (Under Construction),Modi Energy Pvt . Ltd,"Naxal Sanogaucharan, Tel: 4441131, Fax: 4441973",28.25361111,83.72680556,Province 4,PARBAT,Modi,5/21/2067,5/20/2102,Niti Foundation / DoED,2026-09-29
Lower Modi-II Cascade HPP,10.5,Modi Khola,195,Generation,Approved (Under Construction),United Modi Hydropower Pvt Ltd,"BYS Complex, Kathmandu, Tel: 4350147 Fax: 4350379, email: unitedmodi@ntc.nt.np",28.21027778,83.68791667,Province 4,PARBAT,Kushma,2/9/2074,2/8/2109,Niti Foundation / DoED,2026-09-29
Lower Nyadi HPP,10.5,Nyadi,855,Survey,Proposal (Feasibility),Hub Power Pvt. Ltd,"Ka. Ma. Na. Pa-1, Kathmandu",28.31875,84.4125,Province 4,LAMJUNG,Marsyangdi,3/15/2074,3/14/2076,Niti Foundation / DoED,2026-09-29
Lower Piluwa,0.99,Piluwa Khola,0,Operation,Operational,Baneshwor Hydropower P Ltd.,"Baneswor VDC, Sankhuwasabha, Phone 4230887, Fax:4238059",27.26458333,87.31486111,Province 1,SANKHUWASABHA,Dharmadevi,1/3/2065,0/1/0,Niti Foundation / DoED,2026-09-29
Lower Rukumgad HEP,5.25,Rukum gad,972,Survey,Proposal (Feasibility),Kasuwa Khola Hydropower Ltd.,"Tripureshwor-11, Kathmandu, 01-4251080, 9852680194",28.62361111,82.63263889,Province 5,RUKUM_E,Putha Uttarganga,9/20/2074,9/19/2076,Niti Foundation / DoED,2026-09-29
Lower Rupse Khola HEP,2.5,Rupse,990,Survey,Proposal (Feasibility),Gulmi Hydro Pvt. Ltd,"Anamnagar, Kathmandu",28.54944444,83.64361111,Province 4,MUSTANG,Thasang,12/13/2074,12/12/2076,Niti Foundation / DoED,2026-09-29
Lower Selang Khola,1.475,Selang,208,Generation,Approved (Under Construction),Sewa Hydrolink Company,"Tangal, Kathmandu : 4410160",27.85944444,85.74194444,Province 3,SINDHUPALCHOK,Jugal,6/29/2074,6/28/2109,Niti Foundation / DoED,2026-09-29
Lower Seti (Tanahu) HEP,92.0,Seti,930,Survey,Proposal (Feasibility),Tanahu Hydropower Limited,"Trade Tower 4th Floor,Thapathali, KTM, Ph- 01-5111117/8/9",27.85416667,84.385,Province 4,TANAHU,Devghat,7/13/2074,7/12/2076,Niti Foundation / DoED,2026-09-29
Lower Solu Hydropower Project,82.0,Solu Khola,118,Generation,Approved (Under Construction),Essel Clean Solu Hydropower Pvt Ltd,"R R Bhavan, Narayanchaur, Kathmandu, Tel; 4261827, Fax: 4260266",27.42916667,86.60069444,Province 1,SOLUKHUMBU,Dudhkoshi,12/5/2070,12/4/2105,Niti Foundation / DoED,2026-09-29
Lower Tadi,4.993,Tadi Khola,88,Generation,Approved (Under Construction),Buddha Bhumi Nepal Hydropower Co. Pvt. ltd.,"Kantipath Kathmandu, Phone 01-4248228, Fax 01-4244474",27.92291667,85.36638889,Province 3,NUWAKOT,Tadi,12/27/2069,12/26/2104,Niti Foundation / DoED,2026-09-29
Lower Tawakhola HEP,8.0,Tawa Khola,982,Survey,Proposal (Feasibility),Kabeli Hydropower Company Pvt. Ltd,"Baagbazaar, Kathmandu, Mohan Kumari Dangi: 9851030667, 01-4240661",27.36291667,87.87569444,Province 1,TAPLEJUNG,Sidingba,11/11/2074,11/10/2076,Niti Foundation / DoED,2026-09-29
Lower Thulo Khola Hydropower Project,4.75,Thulo Khola,858,Survey,Proposal (Feasibility),Chitwan Energy Limited,"Kupondole Lalitpur, Ph. No. 9851166725 (Subhash Chandra Baral)",28.53555556,83.51541667,Province 4,MUSTANG,Thasang,3/15/2074,3/14/2076,Niti Foundation / DoED,2026-09-29
Ludee Khola SHP,0.75,Ludi,0,Generation,Approved (Under Construction),Ludi Hydropower Development Company Pvt Ltd,"GPO Box:6709, Kathmandu Tel 9841357478",27.95319444,84.60222222,Province 4,GORKHA,Sulikot,3/17/2073,0/1/0,Niti Foundation / DoED,2026-09-29
Luja Khola HPP,24.8,Luja Khola,943,Survey,Proposal (Feasibility),Ma Shakti Engineering and Hydropower Pvt.Ltd.,"Gatthaghar, Bhaktapur, Phone no. 6635391",27.67361111,86.69166667,Province 1,SOLUKHUMBU,Khumbupasanglahmu,7/28/2074,7/27/2076,Niti Foundation / DoED,2026-09-29
Lung Khola HPP,2.42,Lung Khola,914,Survey,Proposal (Feasibility),Gaumukhi Nubaini Hydro Pvt. Ltd.,"Puyathan, Phone no 9857833632",28.21013889,82.91513889,Province 5,PYUTHAN,Gaumukhi,6/30/2074,6/29/2076,Niti Foundation / DoED,2026-09-29
Machhapuchhre Modi HEP,24.6,Modi,1019,Survey,Proposal (Feasibility),Annapurna Energy Company Pvt. Ltd,Kathmandu.,28.50208333,83.90208333,Province 4,KASKI,Machhapuchchhre,3/6/2075,3/5/2077,Niti Foundation / DoED,2026-09-29
Machhe Khola HPP,18.0,Machha Khola,801,Survey,Proposal (Feasibility),Water Energy Development Pvt. Ltd.,"Baluwatar 4, Ktm. ph. no. 4430050",28.22347222,84.85083333,Province 4,GORKHA,Dharche,12/29/2073,12/28/2075,Niti Foundation / DoED,2026-09-29
Madhya Bhotekoshi,102.0,Bhote koshi,108,Generation,Approved (Under Construction),Madhya Bhotekoshi Jalbidyut Company Ltd.,"Maharajganj Kathmandu, P.O.Box. 23599, Phone 01-4721641, 4721642, Fax 01-4721643",27.85111111,85.88777778,Province 3,SINDHUPALCHOK,Bhotekoshi,8/18/2070,8/17/2105,Niti Foundation / DoED,2026-09-29
Madhya Marsyangdi,70.0,Marsyangdi,8,Operation,Operational,Nepal Electricity Authority,0,28.16805556,84.42625,Province 4,LAMJUNG,Besishahar,3/12/2057,1/31/2106,Niti Foundation / DoED,2026-09-29
Madi-Bhorletar,10.0,Madi Khola,171,Generation,Approved (Under Construction),Kalash Hydropower P. Ltd,"Baluwatar, Kathmandu, Phone no 4444797, 9851138808",28.14875,84.2225,Province 4,LAMJUNG,Besishahar,6/10/2073,6/9/2108,Niti Foundation / DoED,2026-09-29
Madkyu Khola,13.0,Madkyu,116,Operation,Operational,Silkes Hydropower Pvt.Ltd,"P.O.Box. 170, Lekhnath Nagar Palika - 3, Kaski, Phone 061-560236, Fax 061-532466",28.36805556,84.13555556,Province 4,KASKI,Madi,11/21/2070,11/20/2105,Niti Foundation / DoED,2026-09-29
Madme Khola HPP,24.0,Madme Khola,873,Survey,Proposal (Feasibility),Madme Khola Hydropower P.Ltd.,"Mid Banesor, Kathmandu-34, Kathmandu Somnath Kandel: 9851201536",28.43194444,84.13555556,Province 4,KASKI,Madi,4/15/2074,4/14/2076,Niti Foundation / DoED,2026-09-29
Madya Super Daraundi HPP,10.0,Daraundi,892,Survey,Proposal (Feasibility),Barpak Daraundi Hydropower Company Pvt. Ltd.,"Kathmandu 9, Phone no 9841439188",28.20555556,84.72555556,Province 4,GORKHA,Dharche,5/16/2074,5/15/2076,Niti Foundation / DoED,2026-09-29
Mai,22.0,Mai Khola,37,Operation,Operational,Sanima Mai Hydropower Limited,"GPO 19737, Ph: 44445952, 444642 Fax:4425953",26.81125,87.89166667,Province 1,ILAM,Illam,5/13/2067,5/12/2102,Niti Foundation / DoED,2026-09-29
Mai Beni HPP,9.51,Mai Khola,228,Generation,Approved (Under Construction),Samling Power company Pvt.Ltd,"Baneshwor 10, Kathmandu, Phone no 9851018025, 5539135, 5525228",26.90694444,87.95111111,Province 1,ILAM,Suryodaya,1/6/2075,1/5/2110,Niti Foundation / DoED,2026-09-29
Mai Cascade,7.0,Mai Khola,72,Operation,Operational,Sanima Mai Hydropower Limited,"Narananchaur, Naksal Kathmandu, P. O. Box 19737, Phone 01-4446442, Fax 01-4441277",26.77555556,87.87652778,Province 1,ILAM,Illam,7/15/2069,7/14/2104,Niti Foundation / DoED,2026-09-29
Mai Cascade HPP,8.0,Mai Khola,101,Operation,Operational,Himal Dolkha Hydropower Company Pvt Ltd,"Baneswar, Kathmandu Tel: 9851085922,2043191",26.86194444,87.92416667,Province 1,ILAM,Maijogmai,4/15/2070,4/14/2105,Niti Foundation / DoED,2026-09-29
Mai Khola,4.5,Mai Khola,23,Operation,Operational,Himal Dolkha Hydropower Co Ltd,0,26.885,87.93680556,Province 1,ILAM,Maijogmai,8/20/2064,8/19/2099,Niti Foundation / DoED,2026-09-29
Mai Third HPP,4.82,Mai Khola,882,Survey,Proposal (Feasibility),East Construction and Engineering Consultancy Pvt. Ltd.,"Kalopul-7, Ktm.",26.84027778,87.90625,Province 1,ILAM,Rong,4/23/2074,4/22/2076,Niti Foundation / DoED,2026-09-29
Mailung Khola,5.0,Mailung Khola,13,Operation,Operational,Mailun Khola Hydropower Company Pvt. Ltd,0,28.07541667,85.20458333,Province 3,RASUWA,Gosaikunda,12/3/2060,12/30/2094,Niti Foundation / DoED,2026-09-29
Makari gad,10.0,Makari gad,170,Generation,Approved (Under Construction),Makarigad Hydropower Pvt. Ltd,"Panipokhari, Kathmandu, Phone no 4442048, 4414714, email : makarigad@gmail.com",29.79125,80.85875,Province 7,DARCHULA,Apihimal,5/27/2073,5/26/2108,Niti Foundation / DoED,2026-09-29
Malta Bagmati Small Hydro Power Project,8.85,Bagmati,833,Survey,Proposal (Feasibility),Bagmati Water Energy Pvt. Ltd.,"Banasthali, Kathmandu-16, Kathmandu",27.48236111,85.2525,Province 3,LALITPUR,Konjyosom,2/21/2074,2/20/2076,Niti Foundation / DoED,2026-09-29
Manahari Khola HEP,9.258,Manhari,953,Survey,Proposal (Feasibility),Sabita Godar Thapa,"Samakhusi, Kathmandu",27.57375,84.90138889,Province 3,MAKAWANPUR,Thaha,8/11/2074,8/10/2076,Niti Foundation / DoED,2026-09-29
Mardi Khola,4.8,Mardi,21,Operation,Operational,Gandaki Hydropower Development Co. P. Ltd,0,28.345,83.88680556,Province 4,KASKI,Machhapuchchhre,10/8/2063,10/7/2098,Niti Foundation / DoED,2026-09-29
Marshyangdi-7 Hydropower Project,54.0,Marsyangdi,887,Survey,Proposal (Feasibility),Himal Energy Venture Pvt. Ltd.,Kathmandu-10,28.57416667,84.21722222,Province 4,MANANG,Narphu,5/9/2074,5/8/2076,Niti Foundation / DoED,2026-09-29
Marsyangdi,69.0,Marsyangdi,1_gtd,Operation,Operational,Nepal Electricity Authority,0,27.91083333,84.48638889,Province 4,GORKHA,Gorkha,12/6/2051,11/30/2101,Niti Foundation / DoED,2026-09-29
Marsyangdi Besi,50.0,Marsyangdi,206,Generation,Approved (Under Construction),Divyajyoti Hydropower Pvt. Ltd.,"Bagdol Lalitpur, P.O.Box 23311, Phone no 5552175",28.23333333,84.38263889,Province 4,LAMJUNG,Besishahar,6/1/2074,5/31/2109,Niti Foundation / DoED,2026-09-29
Masina HPP,0.8,Kotre Khola,0,Survey,Proposal (Feasibility),Masina Tourism Cooperative Ltd.,"Lekhnath-13, Tallo Gagangauda.Kaski. 61531599,",28.09597222,84.08986111,Province 4,KASKI,Pokhara Lekhnath,10/21/2073,10/20/2075,Niti Foundation / DoED,2026-09-29
Mathillo Langtang HEP,24.35,Langtang,973,Survey,Proposal (Feasibility),Yeti Langtang Energy Pvt. Ltd,"Yeti Building, Tilganga Ringroad, Kathmandu",28.20819444,85.53638889,Province 3,RASUWA,Gosaikunda,9/21/2074,9/20/2076,Niti Foundation / DoED,2026-09-29
Maya Khola Hydropower Project,14.9,Maya,123,Generation,Approved (Under Construction),Maya Khola Hydropower Company pvt Ltd,"126 Milap Marg, Bisalnagar, Kathmandu, Nepal. P.O.Box: 8975, EPC: 5602, Tel: 4417947, Fax; 977-1-4433610",27.24513889,87.34152778,Province 1,SANKHUWASABHA,Chainpur,2/26/2071,2/25/2106,Niti Foundation / DoED,2026-09-29
Menchet Khola HPP,7.0,Menchet Khola,753,Survey,Proposal (Feasibility),Ruby Valley Hydropower Com.Ltd.,"Kathmandu-11, Babarmahal, 4222934",28.18930556,85.09472222,Province 3,DHADING,Rubi Valley,8/3/2073,8/2/2075,Niti Foundation / DoED,2026-09-29
Mewa khola HPP,23.0,Mewa Khola,782,Survey,Proposal (Feasibility),Union Mewa hydro ltd,"Lalitpur 3 Dhobighat, 5525406,",27.57208333,87.60194444,Province 1,TAPLEJUNG,Mikwakhola,10/18/2073,10/17/2075,Niti Foundation / DoED,2026-09-29
Mewa Khola Hydropower project,50.0,Mewa Khola,201,Generation,Approved (Under Construction),United Mewa Khola Hydropower Pvt Ltd,"Anamnagar, Kathmandu, Tel: 4770245, Fax: 4771109",27.425,87.61597222,Province 1,TAPLEJUNG,Phungling,4/15/2074,4/14/2109,Niti Foundation / DoED,2026-09-29
Mid Rawa Khola HEP,2.5,Rawa Khola,842,Survey,Proposal (Feasibility),Rawa Energy Development Pvt. Ltd.,"Ghattekulo, Kathmandu, 9851096066",27.34555556,86.82902778,Province 1,KHOTANG,Ainselukhark,2/26/2074,2/26/2076,Niti Foundation / DoED,2026-09-29
Mid Solu Khola Hydropower Project,9.5,Solu Khola,871,Survey,Proposal (Feasibility),Er. Rajendra Prasad Gautam,"Baneshwor-10, Baburam Acharaya Sadak 1757/70, Kathmandu Mo. 9751000158",27.50416667,86.57569444,Province 1,SOLUKHUMBU,Solududhakunda,4/6/2074,4/5/2076,Niti Foundation / DoED,2026-09-29
Middle Budhiganga Hydropower Project,5.0,Budhi Ganga,719,Survey,Proposal (Feasibility),Reliable Hydropower Company Pvt.Ltd.,"Kathmandu-31,Heritage Plaza c,d,Kamaladi.4169116",29.32569444,81.30625,Province 7,BAJURA,Budhiganga,2/5/2073,2/4/2076,Niti Foundation / DoED,2026-09-29
Middle Chaku Khola,1.8,Chaku,44,Operation,Operational,Laughing Budha Power Nepal,"GPO Box: 4619 , Katmandu",27.87638889,85.93125,Province 3,SINDHUPALCHOK,Bhotekoshi,12/7/2067,12/6/2102,Niti Foundation / DoED,2026-09-29
Middle Chameliya HPP,13.0,Chameliya Khola,920,Survey,Proposal (Feasibility),"Ram Hari Bajgain, Tek Praad Chaulagain and Gyani Regmi,","Phone no 9851092614, 9851023270,",29.74180556,80.76027778,Province 7,DARCHULA,Marma,6/29/2074,6/28/2076,Niti Foundation / DoED,2026-09-29
Middle Daram Khola-A HPP,3.0,Daram,230,Generation,Approved (Under Construction),Dhaulagiri Cem Engineering Pvt Ltd,Baglung,28.27194444,83.42388889,Province 4,MYAGDI,Mangala,2/9/2075,2/8/2110,Niti Foundation / DoED,2026-09-29
Middle Daram Khola-B HPP,4.5,Daram,231,Generation,Approved (Under Construction),Dhaulagiri CEM Engineering Pvt. Ltd.,"Baglung-11, Mobile 9745025919",28.24986111,83.42388889,Province 4,BAGLUNG,Kanthekhola,2/9/2075,2/8/2110,Niti Foundation / DoED,2026-09-29
Middle Hongu Khola B HPP,22.9,Hongu Khola,830,Survey,Proposal (Feasibility),Gaurishankar Power Development Pvt. Ltd,"Kathmandu-34, Baneshwor, Phone 4992910, 9851133303",27.5,86.83333333,Province 1,SOLUKHUMBU,Mahakulung,2/16/2074,2/15/2076,Niti Foundation / DoED,2026-09-29
Middle Hongukhola A Hydropower Project,22.0,Hongu Khola,844,Survey,Proposal (Feasibility),Apex Makalu Hydropower Pvt. Ltd.,"Kathmandu 34, Baneshor. Kedar Nath Paudel, Mob: 9851073799",27.52486111,86.87736111,Province 1,KHOTANG,Sakela,2/26/2074,2/25/2076,Niti Foundation / DoED,2026-09-29
MIddle Ingwa Khola Hydropower Project,15.0,Iwa Khola,861,Survey,Proposal (Feasibility),Gopal Mainali,"Budhabaare-8, Jhapa, Temporary Add. Birtamod-06,Jhapa Ph. No. 01-5156167, Mo. 98626080377",27.29208333,87.94958333,Province 1,TAPLEJUNG,Sidingba,3/22/2074,3/21/2076,Niti Foundation / DoED,2026-09-29
Middle Kaligandaki,53.539,Kali Gandaki,670,Survey,Proposal (Feasibility),Hydro Support Pvt. Ltd.,"IME Complex, Panipokhari, Kathmandu. PO Box: 19797, Kathmandu. Phone: 014430600, Fax: 014425800",28.50138889,83.65,Province 4,MUSTANG,Thasang,7/15/2070,7/14/2075,Niti Foundation / DoED,2026-09-29
Middle Mailung Hydropower Project,10.0,Mailung Khola,783,Survey,Proposal (Feasibility),Mailung Khola Hydropower Company Pvt. Ltd,"POBox. 7148, 539/61 Subarna Shamsher Marg, Bluwatar; Tel. 2001348,4432372",28.09111111,85.20069444,Province 3,RASUWA,Gosaikunda,10/18/2073,10/17/2075,Niti Foundation / DoED,2026-09-29
Middle Mewa HPP,49.0,Mewa Khola,776,Survey,Proposal (Feasibility),Mewa Developers Pvt. LTd,"Tripurewhower , Kathmandu-11. 4243120",27.47791667,87.62291667,Province 1,TAPLEJUNG,Mikwakhola,9/5/2073,9/4/2075,Niti Foundation / DoED,2026-09-29
Middle Midim,3.1,Midim Khola,100,Generation,Approved (Under Construction),Madhya Midim Jalvidhyut Company Pvt. Ltd.,"Dhapasi-7, Tirlingtar, Kathmandu, Phone 01-4386514",28.22027778,84.27402778,Province 4,LAMJUNG,Besishahar,4/10/2070,4/9/2105,Niti Foundation / DoED,2026-09-29
Middle Modi,15.1,Modi Khola,93,Generation,Approved (Under Construction),Middle Modi Hydropower Limited,"P.O.Box: 12268, Nepal. Ph:4038030, Fax:4038026",28.29847222,83.76777778,Province 4,KASKI,Annapurna,3/7/2070,3/6/2105,Niti Foundation / DoED,2026-09-29
Middle Molung Khola Small HEP,4.839,Molung,1023,Survey,Proposal (Feasibility),Suvarambha Hydropower(Pvt.) ltd.,"Ka. Ma. Na. Pa 7 Chabahil, Kathmandu, 9851074916,9851093507",27.29472222,86.44444444,Province 1,OKHALDHUNGA,Molung,3/21/2075,3/20/2077,Niti Foundation / DoED,2026-09-29
Middle Sunkoshi,3.4,Sun Koshi,189,Generation,Approved (Under Construction),Lama Hydropower Pvt. Ltd.,"P.O.Box 8965 EPC 5518 Kathmandu, Phone 01-4429399",27.78458333,85.94861111,Province 3,SINDHUPALCHOK,Bhotekoshi,12/13/2073,12/12/2108,Niti Foundation / DoED,2026-09-29
Middle Tadi HPP,5.5,Tadi Khola,946,Survey,Proposal (Feasibility),Dupcheshwor Mahadev Hydro Company Pvt. Ltd.,"Kathmandu, Phone 9851066168",27.96166667,85.40888889,Province 3,NUWAKOT,Langtang National Park,7/30/2074,7/29/2075,Niti Foundation / DoED,2026-09-29
Middle Tamor,54.0,Tamor,198,Generation,Approved (Under Construction),Sanima Middle Tamor Hydropower Ltd,"Dhumbarahi, Kathmandu, Phone no 437228/437030, email: sanima@sanimahydro.com",27.40666667,87.68902778,Province 1,TAPLEJUNG,Phaktanglung,2/22/2074,2/21/2109,Niti Foundation / DoED,2026-09-29
Middle Tara Khola SHP,1.7,Tara Khola,190,Generation,Approved (Under Construction),Pahadi Hydropower Company Pvt. Ltd.,"Baglung-2, Phone No. : 068-520221, 9747628615",28.32430556,83.39361111,Province 4,MYAGDI,Beni,12/13/2073,12/12/2108,Niti Foundation / DoED,2026-09-29
Midim 1 HEP,16.0,Midim Khola,824,Survey,Proposal (Feasibility),Mount Rasuwa Upper Mailung Hydropower Pvt. Ltd.,"Tokha 10 Kathmandu, 9851187281",28.26736111,84.275,Province 4,LAMJUNG,Kwholasothar,2/10/2074,2/9/2076,Niti Foundation / DoED,2026-09-29
Midim Khola,3.0,Midim Khola,68,Operation,Operational,Union Hydropower P.Ltd,"P.O.B. No: 12637, Ph: 01-5543850",28.19069444,84.285,Province 4,LAMJUNG,Marsyangdi,5/6/2069,5/5/2104,Niti Foundation / DoED,2026-09-29
Midim Khola Micro Hydro,0.1,Midim Khola,0,Generation,Approved (Under Construction),Deurali Bahu-uddesyiaya Sahakari Sanstha Limited,"Ishaneshwor-9, Karaputar, Lamjung",28.16347222,84.24152778,Province 4,LAMJUNG,Sundarbazar,4/14/2069,0/1/0,Niti Foundation / DoED,2026-09-29
Mistri khola 2 HEP,12.0,Mistri,883,Survey,Proposal (Feasibility),Mountain energy Nepal ltd,"Pani pokhari ,KTM, 4437705, 4441648",28.49458333,83.65527778,Province 4,KASKI,Annapurna,4/29/2074,4/28/2076,Niti Foundation / DoED,2026-09-29
Miwaje Khola HEP,4.95,Miwaje,909,Survey,Proposal (Feasibility),Ma Durga Kali HYdropower Company Pvt. Ltd,"Kupondole Lailtpur, 01-5520254, 5012027, fax: 01-5012066",28.41472222,84.00763889,Province 4,KASKI,Madi,6/1/2074,5/30/2076,Niti Foundation / DoED,2026-09-29
Modi Khola,14.8,Modi Khola,3,Operation,Operational,Nepal Electricity Authority,0,28.27875,83.74611111,Province 4,KASKI,Machhapuchchhre,10/24/2052,11/30/2101,Niti Foundation / DoED,2026-09-29
Molun Khola SHP,7.0,Molun,127,Operation,Operational,Molun Hydropower Co. Pvt. Ltd,"Rabibhawan Kathmandu, P.O.Box 5813, Phone 01-4278130, Fax 01-4280799",27.34444444,86.43347222,Province 1,OKHALDHUNGA,Siddhicharan,6/2/2071,6/1/2106,Niti Foundation / DoED,2026-09-29
Molung Cascade HEP,3.5,Molung,1016,Survey,Proposal (Feasibility),Anak Hydropower Co. Pvt. Ltd,"Rabibhawan, Kathmandu, 01-4670518",27.32597222,86.435,Province 1,OKHALDHUNGA,Siddhicharan,2/28/2075,2/27/2077,Niti Foundation / DoED,2026-09-29
Mristi Khola,42.0,Mristi,53,Generation,Approved (Under Construction),Robust Energy Ltd.,"Thamel, Kathmandu-29, Nepal POB 3839, Phone:203334, Fax:4499898",28.51902778,83.66555556,Province 4,MYAGDI,Annapurna,7/20/2068,7/19/2103,Niti Foundation / DoED,2026-09-29
Mudi Khola Hydropower Project,14.7,Mudi Khola,870,Survey,Proposal (Feasibility),Everest Energy and Infrastructure Fund Pvt. Ltd.,"Charkhal Road, Dillibazar, Kathmandu-33",28.54430556,83.3425,Province 4,MYAGDI,Dhaulagiri,4/6/2074,4/5/2076,Niti Foundation / DoED,2026-09-29
Mugu Karnali HPP,159.62,Mugu Karnali,951,Survey,Proposal (Feasibility),Butwal Power Company Limited,"Ganga Devi Marg 313, Buddha Nagar, New Baneshwar, Post Box. 11728 Ktm, Nepal, Ph. No. 4781776,4784026, Fax. 4780994",29.60222222,81.98444444,Province 6,HUMLA,Adanchuli,8/7/2074,8/6/2076,Niti Foundation / DoED,2026-09-29
Mugu Karnali Storage HEP,1902.0,Karnali,1020,Survey,Proposal (Feasibility),Vidhyut Utpadan Company Limited,"Buddhanagar, Kathmandu 01-4788680",29.54236111,81.80375,Province 7,BAJURA,Budhinanda,3/15/2075,3/14/2077,Niti Foundation / DoED,2026-09-29
Myagdi Khola A HEP,23.7,Myagdi,971,Survey,Proposal (Feasibility),Dordi Khola Jalvidyut Company Limited,"Blue Star Complex, Tripureshwar, Kathmandu, Ph. No. 01-4232748",28.66,83.41430556,Province 4,MYAGDI,Dhaulagiri,9/19/2074,9/18/2076,Niti Foundation / DoED,2026-09-29
Myagdi Khola Hydropower Project,57.3,Myagdi Khola,694,Survey,Proposal (Feasibility),Hydro Village Pvt. Ltd.,"Lalitpur-22,Jwagal.POBox 4256. 9851050406,9843063534 shshil@sushmitgroup.com,sushil.hyvillage@gmail.com",28.60097222,83.39027778,Province 4,MYAGDI,Raghuganga,10/4/2071,10/3/2075,Niti Foundation / DoED,2026-09-29
Myagdi Khola- B HEP,9.5,Myagdi Khola,934,Survey,Proposal (Feasibility),Sushmit Energy Pvt. Ltd,Kathmandu 01-4482329,28.56375,83.3875,Province 4,MYAGDI,Dhaulagiri,7/21/2074,7/20/2076,Niti Foundation / DoED,2026-09-29
Nalsyau Gad Storage HEP,410.0,Nalsyau,962,Survey,Proposal (Feasibility),Nalgad Hydropower Company Limited,"Kathmandu-10, New Baneshwor, Thapagaun, 4475221, 4469580",28.87791667,82.28333333,Province 6,JAJARKOT,Tribeni Nalagad,8/26/2074,8/25/2076,Niti Foundation / DoED,2026-09-29
Namarjun Madi,12.0,Madi Khola,78,Generation,Approved (Under Construction),Himalayan Hydropower Pvt.Ltd,"P.O. Box No.: 20225, Lazimpat, Kathmandu, Phone: 01-4441216, Fax: 01-4441217",28.30777778,84.09277778,Province 4,KASKI,Madi,9/11/2069,9/10/2104,Niti Foundation / DoED,2026-09-29
Namche Khola Mini HPP,0.183,Namche Khola,0,Survey,Proposal (Feasibility),Khumbu Bijuli Company Pvt. Ltd.,"Thamo, Solukhumu. Sonam Dorgee Sherpa Ph No. 01-6923781",27.80027778,86.71125,Province 1,SOLUKHUMBU,Khumbupasanglahmu,2/2/2074,2/1/2076,Niti Foundation / DoED,2026-09-29
Nar Khola Hydro-Electric Project,50.0,Nar Khola,897,Survey,Proposal (Feasibility),Rajendra Das Shrestha,"Narayanchaur Naxal-01, Kathmnadu, 9851023781",28.59277778,84.24361111,Province 4,MANANG,Nashong,5/25/2074,5/24/2076,Niti Foundation / DoED,2026-09-29
Nau Gad Khola,8.5,Naugad,65,Operation,Operational,Api Power Company Pvt. Ltd,"Dillibajar Kathmandu,Phone 4417136,4433252 Fax 4421114",29.70319444,80.60736111,Province 7,DARCHULA,Shailyashikhar,3/31/2069,3/30/2104,Niti Foundation / DoED,2026-09-29
Naugad HPP,9.5,Naugad,877,Survey,Proposal (Feasibility),Naugad Hydropower PVt. Ltd,"Naxal, Kathmandu,",29.78902778,80.65833333,Province 7,DARCHULA,Naugad,4/17/2074,4/16/2076,Niti Foundation / DoED,2026-09-29
Nilgiri Khola,38.0,Nilgiri,202,Generation,Approved (Under Construction),Nilgiri Khola Hydropower Company Pvt. Ltd.,"Panipokhari, Kathmandu, Phone: 4437705, 4441648",28.58847222,83.69166667,Province 4,MUSTANG,Thasang,0/1/0,4/30/2109,Niti Foundation / DoED,2026-09-29
NImrung Khola HEP,9.8,Nimrung,926,Survey,Proposal (Feasibility),Kiran Power Company Pvt. Ltd.,"Kaldhara-16, Kathmandu",28.26138889,84.86861111,Province 4,GORKHA,Dharche,7/12/2074,7/11/2076,Niti Foundation / DoED,2026-09-29
Nisi Khola HEP,8.8,Nisi,979,Survey,Proposal (Feasibility),"Shri Ram Neupane, Chandra Bahadur Thapa, Tanka Gaire",Shri Ram Neupane 9851163167,28.35430556,83.09291667,Province 4,BAGLUNG,Dhorpatan,10/22/2074,10/21/2076,Niti Foundation / DoED,2026-09-29
Nupche Likhu HEP,57.5,"Nupche , Likhu",826,Survey,Proposal (Feasibility),Vision Energy and Power Pvt. Ltd.,"New Baneshwor, Kathmandu",27.70194444,86.475,Province 3,RAMECHHAP,Umakunda,2/12/2074,2/11/2076,Niti Foundation / DoED,2026-09-29
Nwa Gad,1.0,Nwa Gad,0,Generation,Approved (Under Construction),Jal Urja Pvt. ltd,"Devkota Marga 426/20, New Baneshwor, Kathmandu, Phone no 4104490",29.73944444,80.81041667,Province 7,DARCHULA,Marma,10/8/2074,0/1/0,Niti Foundation / DoED,2026-09-29
Nyache Khola Hydropower Project,8.76,Nyache Khola,840,Survey,Proposal (Feasibility),Surya Water Pvt. Ltd.,"Kathmandu -1, House No. 271 Narayan Chaur Naxal Marg,Situ Plaza,Naxal, Kathmandu",28.38638889,84.15944444,Province 4,KASKI,Madi,2/24/2074,2/23/2076,Niti Foundation / DoED,2026-09-29
Nyadi Khola,30.0,Nyadi,83,Generation,Approved (Under Construction),Nyadi Hydropower Limited,"P.O.Box. 11728, Kathmandu, Phone 01-4781776, 4784026, Fax 01-4780994",28.33708333,84.44513889,Province 4,LAMJUNG,Marsyangdi,11/3/2069,11/2/2104,Niti Foundation / DoED,2026-09-29
Nyam Nyam,6.0,Nyam Nyam Khola,217,Generation,Approved (Under Construction),Nyam Nyam HydroPower Company Pvt.Ltd.,"Sanepa, Phone no 5184273, 5184173, email nyamnyamkshp@gmail.com",28.07847222,85.19791667,Province 3,RASUWA,Uttargaya,9/28/2074,9/27/2109,Niti Foundation / DoED,2026-09-29
Nyasim Hydropower Project,35.0,Nyasem Khola,802,Survey,Proposal (Feasibility),Sita Hydropower Company Pvt. Ltd.,"Kalimati, Kathmandu-13, Sitaram Timalsina 9851194065, 01-4272426, 4274937",27.975,85.80833333,Province 3,SINDHUPALCHOK,Jugal,1/8/2074,1/7/2076,Niti Foundation / DoED,2026-09-29
Padam Khola SHP,4.8,Padam Khola,207,Generation,Approved (Under Construction),Dolti Power Company P. Ltd,"Baneshwor, Kathmandu, Phone no 4105021, 97510001589, 9851003846, emai: info@doltipower.com.np",28.90861111,81.83902778,Province 6,DAILEKH,Naumule,6/29/2074,6/28/2109,Niti Foundation / DoED,2026-09-29
Palun khola 1 Hydropower Project,4.95,Palun Khola,893,Survey,Proposal (Feasibility),Trust Energy Pvt. Ltd.,"Kathmandu 3, Maharajgunj, Phonw no 4410001, 9851110896",27.58152778,87.64138889,Province 1,TAPLEJUNG,Phaktanglung,5/16/2074,5/15/2076,Niti Foundation / DoED,2026-09-29
Palun khola small Hydropower Project,21.0,Palun Khola,908,Survey,Proposal (Feasibility),Palunkhola Hydropower Pvt. Ltd.,"Devkota Sadak, Old Baneshor, Kathmandu -10 Ph:",27.55458333,87.6325,Province 1,TAPLEJUNG,Mikwakhola,6/1/2074,5/30/2076,Niti Foundation / DoED,2026-09-29
Panauti,2.4,Roshi,1_gtd,Operation,Operational,Nepal Electricity Authority,0,27.56958333,85.52430556,Province 3,KABHREPALANCHOK,Panauti,12/6/2051,11/30/2101,Niti Foundation / DoED,2026-09-29
Parajuli Khola-1,2.15,Parajuli Khola,102,Generation,Approved (Under Construction),Rara Hydropower Development Co.,"Sitapaila - 2, kathmandu, Ph: 01-4033016, 9841209736",28.70736111,81.7075,Province 6,DAILEKH,Dungeshwor,5/3/2070,5/2/2105,Niti Foundation / DoED,2026-09-29
Pegu Khola Small Hydropower Project,4.35,Pegu,709,Survey,Proposal (Feasibility),BiguHydropower Venture,"Kathmandu, GPOBox 8643, PN/FX No 014472349",27.83055556,86.06958333,Province 3,DOLAKHA,Bigu,9/3/2072,9/2/2075,Niti Foundation / DoED,2026-09-29
Phalakhu Khola HPP,14.7,Phalankhu Khola,162,Generation,Approved (Under Construction),Betrawati Hydroelectric Co. Ltd,"Thulo Bharyang, Kathmandu-15, Phone no 4002566, P.O. Box no 8003",28.02013889,85.29305556,Province 3,RASUWA,Naukunda,4/10/2073,4/9/2108,Niti Foundation / DoED,2026-09-29
Phalakhu Khola HPP,5.0,Phalankhu Khola,161,Generation,Approved (Under Construction),Rasuwa Hydropower Company Pvt Ltd,"GPO Box: 8003, Kathmandu,Tel; 4880041",27.98597222,85.26194444,Province 3,RASUWA,Naukunda,3/24/2073,3/23/2108,Niti Foundation / DoED,2026-09-29
Phawa khola Hydropower Project,5.0,Phawa Khola,39,Operation,Operational,Shiwani Hydropower Company,"Baneshwor, Kathamandu - 10, Ph. 4466405, Fax: 4460137",27.29722222,87.76513889,Province 1,TAPLEJUNG,Sirijangha,6/19/2067,6/18/2102,Niti Foundation / DoED,2026-09-29
Phedi Khola (Thumlung) Small HPP,3.52,Phedi khola (Thumlung),800,Survey,Proposal (Feasibility),Phedi khola Hydropower Company Pvt. Ltd.,"Koteshor 35, Ktm. , Prakash Chandra Dulal. Mob No. 9851221372",27.37680556,87.01680556,Province 1,BHOJPUR,Shadananda,12/21/2073,12/20/2075,Niti Foundation / DoED,2026-09-29
Phewa,1.0,Seti Khola,1_gtd,Operation,Operational,Nepal Electricity Authority,0,28.18819444,83.97708333,Province 4,KASKI,Madi,12/6/2051,11/30/2101,Niti Foundation / DoED,2026-09-29
Phukot Karnali,426.0,Karnali,848,Survey,Proposal (Feasibility),Vidhyut Utpadan Company Limited,"Buddhanagar, Kathmandu 01-4788680",29.23819444,81.67055556,Province 6,KALIKOT,Raskot,3/2/2074,3/1/2076,Niti Foundation / DoED,2026-09-29
Pikhuwa Khola,5.0,Pikhuwa,45,Generation,Approved (Under Construction),Eastern Hydropower P Ltd,"Kathmandu, Phone 01-4495459",27.15986111,87.02277778,Province 1,BHOJPUR,Bhojpur,12/7/2067,12/6/2102,Niti Foundation / DoED,2026-09-29
Pikhuwa Pashupati HEP,3.28,Pikhuwa,880,Survey,Proposal (Feasibility),Sumnima Hydropower Company Pvt. Ltd.,"Hulak Yol Marga Kathmandu-14, Dhan Raj Rai 9851097087, Sashi Sharma BHandari -9851140280",27.21319444,86.99166667,Province 1,BHOJPUR,Tyamkemaiyung,4/15/2074,4/14/2076,Niti Foundation / DoED,2026-09-29
Piluwa Khola,3.0,Piluwa Khola,9,Operation,Operational,Arun Valley Hydropower Development Company Pvt. Ltd.,0,27.27361111,87.33763889,Province 1,SANKHUWASABHA,Chainpur,5/5/2057,0/1/0,Niti Foundation / DoED,2026-09-29
Puwa,6.2,Puwa,2,Operation,Operational,Nepal Electricity Authority,0,26.89416667,87.91611111,Province 1,ILAM,Illam,5/27/2052,11/30/2101,Niti Foundation / DoED,2026-09-29
Puwa Khola-1,4.0,Puwa,106,Operation,Operational,Puwa Khola - 1 Hydropower Pvt. Ltd,"PO Bpx 20762 Baluwatar Nepal. Ph: 4410057, 9851129708",26.93333333,87.90638889,Province 1,ILAM,Maijogmai,6/21/2070,6/20/2105,Niti Foundation / DoED,2026-09-29
Radhi Small,4.4,Radhi,47,Operation,Operational,Radhi Bidyut Co. Ltd,"P.O.Box: 20290, Phone-014232750,4232749 , Fax: 014232748, Blue Star Complex, Room No. 523, Tripureshwor, Kathmandu",28.4025,84.41930556,Province 4,MANANG,Nashong,1/28/2068,1/27/2103,Niti Foundation / DoED,2026-09-29
Rahughat,40.0,Rahughat,49,Generation,Approved (Under Construction),Nepal Electricity Authority,0,28.40083333,83.54833333,Province 4,MYAGDI,Raghuganga,4/3/2068,4/2/2103,Niti Foundation / DoED,2026-09-29
Rahughat Mangale,37.0,Rahughat,175,Generation,Approved (Under Construction),Tundi Power Company P.Ltd.,"Sanepa Lalitpur, P.O.Box. 6341, Phone 01-5555573, Fax 01-5555574, 9851041573",28.50277778,83.51277778,Province 4,MYAGDI,Raghuganga,7/29/2073,7/28/2108,Niti Foundation / DoED,2026-09-29
Rasuwa Bhotekoshi,120.0,Bhote koshi,223,Generation,Approved (Under Construction),Langtang Bhotekosi Hydropower Company Pvt. Ltd,"Sitapaila, Kathmandu, Tel no 9810157778, 9843077976, email langtangproject@gmail.com, liaoxiangi@hotmail.com",28.20472222,85.35416667,Province 3,RASUWA,Gosaikunda,11/3/2074,11/2/2109,Niti Foundation / DoED,2026-09-29
Rasuwagadhi,111.0,Bhote koshi,75,Generation,Approved (Under Construction),Rasuwagadhi H P,"Gyaneswor Kathmandu, P.O.Box 25210, Phone 014439163, 014439284",28.25111111,85.37013889,Province 3,RASUWA,Gosaikunda,8/21/2069,8/20/2104,Niti Foundation / DoED,2026-09-29
Rauje Khola HPP,4.99,Rauje Khola,888,Survey,Proposal (Feasibility),Hydro Connection Pvt Ltd,"Latitpur-15, Mahalaxmisthan., phone no 5523784, email connectionhydro@gmail.com",27.63291667,86.68819444,Province 1,SOLUKHUMBU,Khumbupasanglahmu,5/9/2074,5/8/2076,Niti Foundation / DoED,2026-09-29
Rawa Khola,3.0,Rawa Khola,186,Generation,Approved (Under Construction),Rawa Energy Development Pvt Ltd,"Ghattekulo, Kathmandu , P.O.Box 20770, Phone 01-4244620",27.35041667,86.85152778,Province 1,BHOJPUR,Salpasilichho,11/26/2073,11/25/2108,Niti Foundation / DoED,2026-09-29
Rawa Khola HEP,3.5,Rawa,911,Survey,Proposal (Feasibility),Halesi Hydropower Pvt. Ltd.,"Kathmandu- 34, 9851040510 Purnjan Rai",27.32625,86.77083333,Province 1,SOLUKHUMBU,Sotang,6/18/2074,6/17/2076,Niti Foundation / DoED,2026-09-29
Rawa Khola HPP,6.5,Rawa Khola,112,Generation,Approved (Under Construction),Dudhkoshi Power Company Pvt Ltd,"Milanchok 34, Kathmandu, GPO Box: 12015, Tel; 01-4469270, Fax 01-4491475",27.30583333,86.74805556,Province 1,SOLUKHUMBU,Dudhkaushika,10/28/2070,10/27/2105,Niti Foundation / DoED,2026-09-29
Rele Khola,6.0,Rele Khola,221,Generation,Approved (Under Construction),Hym Consult,"SiphalKathmandu, Ph 4489327, 4491271",28.52,83.68930556,Province 4,MYAGDI,Annapurna,10/28/2074,10/27/2109,Niti Foundation / DoED,2026-09-29
Ribal Khola SHP,0.998,Ribal,0,Survey,Proposal (Feasibility),Melamchi Hydropower Pvt Ltd,"Kathmandu-6,Bauddha,Neapl 9851048846",27.98583333,85.52416667,Province 3,SINDHUPALCHOK,Panchpokhari Thangpal,2/3/2072,0/1/0,Niti Foundation / DoED,2026-09-29
Richet Khola SHP,5.0,Richet,214,Generation,Approved (Under Construction),Richet Jalbidhyut Company Pvt. Ltd.,"Lalitpur-15, Mahalaxmisthan, phone no 5527469, 55237849, 9851006013, email: richethydro@gmail.com",28.17569444,84.92347222,Province 3,DHADING,Rubi Valley,9/4/2074,9/3/2109,Niti Foundation / DoED,2026-09-29
Ridi Khola,2.4,Ridi,22,Operation,Operational,Ridi Hydropower Development Co P Ltd,"P.O. Box: 11039, Baneswor Kathmandu Ph: 4475234, 44474895",27.9375,83.41666667,Province 5,GULMI,Satyawati,2/17/2064,2/16/2099,Niti Foundation / DoED,2026-09-29
Rigdi Khola Hydro Project,3.7,Rigdi,828,Survey,Proposal (Feasibility),Ridhi Hydropower Pvt. Ltd,"Kantipath Kathmandu, Ph. 01-4232229, Mo. 9851026244 (Anup Acharya)",27.80763889,84.51666667,Province 3,CHITAWAN,Ichchhyakamana,2/12/2074,2/11/2076,Niti Foundation / DoED,2026-09-29
Rolwaling Khola,22.0,Rolwaling,895,Survey,Proposal (Feasibility),Upper Tamakoshi Hydropower Company Limited,"Gyneshwor, KTM, Ph 014421694, 4420658",27.9075,86.23375,Province 3,DOLAKHA,Bigu,5/21/2074,5/20/2076,Niti Foundation / DoED,2026-09-29
Rolwaling Khola HPP,88.0,Rolwaling,847,Survey,Proposal (Feasibility),H.E.D. Energy Pvt. Ltd.,"Thamel-29, Kathmandu",27.90763889,86.29375,Province 3,DOLAKHA,Bigu,0/1/0,0/1/0,Niti Foundation / DoED,2026-09-29
Rudi A,8.8,Rudi Khola,109,Generation,Approved (Under Construction),Bindhabasini Hydropower Developmwnt Company Pvt.Ltd,"P.O.Box.10242, Newbaneswor, Kathmandu, phone 4781891, Fax 4785671",28.25416667,84.2,Province 4,KASKI,Madi,9/12/2070,9/11/2105,Niti Foundation / DoED,2026-09-29
Rudi Khola-B Hydropower Project,6.6,Rudi Khola,199,Generation,Approved (Under Construction),Bindhyabasini Hydropower Development Co. Pvt Ltd,"Naya Baneshwor, Kathmandu, P.O. Box no 10242, Phone no 4781891, Fax no 4785671, email: rudikhola@gmail.com",28.28736111,84.2,Province 4,KASKI,Madi,2/26/2074,2/25/2109,Niti Foundation / DoED,2026-09-29
Rugrugad Small HEP,4.91,Rugru gad,976,Survey,Proposal (Feasibility),"Radhika Bartaula, Sita Ghimire, Prahlad Chaudhary","Tek prasad Chaulagain, 9851023270",29.78875,80.80319444,Province 7,DARCHULA,Apihimal,9/26/2074,9/25/2076,Niti Foundation / DoED,2026-09-29
Rukum gad,5.0,Rukum Gad,136,Generation,Approved (Under Construction),Rapti Hydro and General Construction Pvt. Ltd.,"Tripureshwor, Kathmandu, P. O. Box no 13961 Phone 014101140, 014251080",28.60361111,82.63763889,Province 5,RUKUM_E,Putha Uttarganga,3/9/2072,3/8/2107,Niti Foundation / DoED,2026-09-29
Rupse Khola,4.0,Rupse Khola,120,Generation,Approved (Under Construction),Research & Development Group,"Buddha Nagar Kathmandu, Phone 014780675",28.55138889,83.62402778,Province 4,MYAGDI,Annapurna,1/5/2071,1/4/2106,Niti Foundation / DoED,2026-09-29
Ruru Banchu - 1,16.0,Rurubanchu Khola,147,Generation,Approved (Under Construction),Mount Nilgiri Hydropower Company Pvt Ltd,"P.O.Box 8003, Kathmandu Phone no 01 4216573",29.10125,81.78319444,Province 6,JUMLA,Tila,6/27/2072,6/26/2107,Niti Foundation / DoED,2026-09-29
Ruru Banchu Khola- 2,12.0,Rurubanchu Khola,178,Generation,Approved (Under Construction),Ruru hydroelectric Co Pvt. Ltd,"Kalanki Kathmandu, Phone no 4426472, 9751089755",29.10388889,81.75402778,Province 6,KALIKOT,Tilagufa,9/19/2073,9/18/2108,Niti Foundation / DoED,2026-09-29
Sabha Khola,3.3,Sabha Khola,81,Operation,Operational,Dibyaswari Hydropower P Ltd,"Purano Baneswor, Kathmandu, Phone 014461326,",27.39611111,87.28305556,Province 1,SANKHUWASABHA,Sabhapokhari,10/4/2069,10/3/2104,Niti Foundation / DoED,2026-09-29
Sabha Khola A,8.3,Sabha Khola,128,Generation,Approved (Under Construction),Deepsabha Hydropower Pvt. Ltd.,Old Baneshwor Kathmandu,27.37416667,87.25833333,Province 1,SANKHUWASABHA,Chichila,6/28/2071,6/27/2106,Niti Foundation / DoED,2026-09-29
Sabha Khola A HEP,9.55,Sabha,1021,Survey,Proposal (Feasibility),Sankhuwasabha Power Development Pvt.Ltd,Kathmandu,27.43597222,87.385,Province 1,SANKHUWASABHA,Makalu,3/18/2075,3/17/2077,Niti Foundation / DoED,2026-09-29
Sabha Khola C HPP,4.2,Sabha Khola,851,Survey,Proposal (Feasibility),Arbit Energy Pvt. LTd,"KMC-32, Kathmandu, Phone no 01-4438203, 9851085982 Ishwori Prasad Rimal",27.43333333,87.32513889,Province 1,SANKHUWASABHA,Makalu,3/11/2074,3/10/2076,Niti Foundation / DoED,2026-09-29
Sabha Khola-B HPP,15.1,Sabha Khola,187,Generation,Approved (Under Construction),Arbit Energy P Ltd,"Dillibazar Kathmandu, Phone no 4438203, Email: pokhydropower@gmail.com",27.42972222,87.35333333,Province 1,TAPLEJUNG,Meringden,11/30/2073,11/29/2108,Niti Foundation / DoED,2026-09-29
Sadhu Khola HEP,8.3,Sadhu Khola,936,Survey,Proposal (Feasibility),Northface Power and investment Pvt. Ltd.,"KMC-31, New Baneshwor,",28.43611111,83.98638889,Province 4,MANANG,Neshyang,7/23/2074,7/22/2076,Niti Foundation / DoED,2026-09-29
Sagu khola 1 HPP,5.5,Sagu,816,Survey,Proposal (Feasibility),Him parbat Hydropower pvt ltd,"Tripureshwor 11 KTM, 4117079, 9851053161",27.83722222,86.10388889,Province 3,DOLAKHA,Bigu,2/2/2074,2/1/2076,Niti Foundation / DoED,2026-09-29
Sagu Khola HEP,20.0,Sangu Khola,805,Survey,Proposal (Feasibility),Himparbat Hydropower Pvt. Ltd.,"World Trade Centre, Tripureshwor 5th floor, Kathmandu, 01-4117008,01-4117079,himal Gurung 9851053161, P.O Box 8941",27.80930556,86.10763889,Province 3,DOLAKHA,Bigu,12/30/2073,1/29/2075,Niti Foundation / DoED,2026-09-29
Saiti Khola Small,0.999,Saiti,0,Generation,Approved (Under Construction),Saiti Power Company Pvt. Ltd,"Pokhara-12, Kaski, phone no 9846517666",28.36736111,83.89486111,Province 4,KASKI,Annapurna,10/18/2074,0/1/0,Niti Foundation / DoED,2026-09-29
Salankhu Khola,2.5,Salankhu,107,Generation,Approved (Under Construction),Salankhu Khola Hydropower P. Ltd.,"Samakhusi Town Planning-29, Kathmandu; GPO Box.: 8974; CPC Box : 044; Ph: 4390239, 4390240; email: salakhukhola@gmail.co",27.9875,85.14583333,Province 3,RASUWA,Kalika,7/5/2070,7/4/2105,Niti Foundation / DoED,2026-09-29
Salleri Chialsa,0.6,Solu Khola,0,Generation,Approved (Under Construction),Salleri Chialsa Electricity Company Limited,"Nayabazar, Salleri, Solukhumbu, Tel: 038-520210, 520220, Fax: 038-520260",27.48361111,86.57638889,Province 1,SOLUKHUMBU,Solududhakunda,3/17/2067,0/1/0,Niti Foundation / DoED,2026-09-29
Sangu Khola HPP,5.0,Sangu Khola,771,Survey,Proposal (Feasibility),Kalinchowk Hydropower Pvt. Ltd.,"World Trade Centre, Tripureshor, Ktm. P.O. Box no.8941.tel 4117079,9860912094 (Gautam Gurung), 9851053161 (Himal Gurung)",27.79555556,86.09208333,Province 3,DOLAKHA,Bigu,8/17/2073,8/16/2075,Niti Foundation / DoED,2026-09-29
Sani Bheri 3 HEP,49.59,Sani Bheri,957,Survey,Proposal (Feasibility),Ram Giri,"Rivan 8, machhapuchhre, Kaski, 9851180511",28.64583333,82.56472222,Province 5,RUKUM_E,Sisne,8/14/2074,8/13/2076,Niti Foundation / DoED,2026-09-29
Sani Bheri HPP,44.52,Sani Bheri,791,Survey,Proposal (Feasibility),Expert Hydro Investment Pvt. Ltd,"Baneshwor, Kathmandu, Phone 9851024788,4218988",28.66291667,82.68236111,Province 5,RUKUM_E,Sisne,11/26/2073,11/25/2075,Niti Foundation / DoED,2026-09-29
Sani Bheri-2 HEP,23.31,Sani Bheri,907,Survey,Proposal (Feasibility),Swargadwari Hydro Pvt. Ltd.,"Tokha-14 Kathmandu, Barja Bahadur Gharti 9851238166( Pyuthan Okharkot-5)",28.63638889,82.63222222,Province 5,RUKUM_E,Sisne,6/1/2074,5/30/2076,Niti Foundation / DoED,2026-09-29
Sanigad,10.7,Sani Gad,153,Generation,Approved (Under Construction),Sanigad Hydro P Ltd,"Sukedhara, Rara Marg, Kathmandu, Po.Box. No. 13607/21399, Phone no: 01-4101652, 014101653, Email: info.ukhep@gmail.com",29.63263889,80.84375,Province 7,BAJHANG,Bungal,12/14/2072,12/13/2107,Niti Foundation / DoED,2026-09-29
Sanjen,42.5,Sanjen,55,Generation,Approved (Under Construction),Sanjen Jalvidyut Co.,"P.O.Box 25210, Gyaneswor,Kathmandu, Phone 01-4443077, Fax 01- 4443076",28.2,85.28958333,Province 3,RASUWA,Gosaikunda,8/12/2068,8/11/2103,Niti Foundation / DoED,2026-09-29
Sanjen Khola,78.0,Sanjen,160,Generation,Approved (Under Construction),Sala Sungi P Ltd,"Bhagwati Bahal, Naksal, 1 Kathmandu, 01-4440433, 9861181164, info.salasungi@gmail.com",28.26347222,85.27791667,Province 3,RASUWA,Parbati Kunda,3/9/2073,3/8/2108,Niti Foundation / DoED,2026-09-29
Sano Milti Khola SHP,3.0,Milti,173,Generation,Approved (Under Construction),Sano Milti Khola Hydropower P.Ltd.,"Bansbari, Kathmandu, Phone no 012298250, email : smkhl@gmail.com",27.49902778,86.06111111,Province 3,DOLAKHA,Melung,6/9/2073,6/8/2108,Niti Foundation / DoED,2026-09-29
Sapsup Khola Small Hydro Electric Project,7.151,Sapsup Khola,211,Generation,Approved (Under Construction),Three Star Hydro Power Pvt.Ltd.,"593/55 Kha Thapa Gaun, New Banesor-10, Kathmandu.4468423,9851105341",27.12569444,86.74763889,Province 1,KHOTANG,Rupakot Majhuwagadhi,8/29/2074,8/28/2109,Niti Foundation / DoED,2026-09-29
Saptang Khola HPP,2.5,Saptang,215,Generation,Approved (Under Construction),Saptang Hydropower Pvt Ltd,"Kathmandu-16, Naya Bazar, Tel:9851035832, 9851076449",28.00819444,85.10319444,Province 3,NUWAKOT,Kispang,9/21/2074,9/20/2109,Niti Foundation / DoED,2026-09-29
Sardi Khola,4.0,Sardi,94,Operation,Operational,Mandakini Hydropower Pvt. Ltd.,"Baneswor Kathmandu, P.O.Box 7327, Phone 01-4461574",28.34263889,83.99236111,Province 4,KASKI,Madi,3/13/2070,3/12/2105,Niti Foundation / DoED,2026-09-29
Sepli Khola,5.0,Sepli Khola,819,Survey,Proposal (Feasibility),Sepli Hydropower Development Pvt. Ltd.,"Battisputali, Kathmandu, P.O.Box 10512, Phone 01-4470602, 9742082308",27.38513889,86.45402778,Province 1,SOLUKHUMBU,Solududhakunda,2/4/2074,2/3/2076,Niti Foundation / DoED,2026-09-29
Seti,1.5,Seti Khola,1_gtd,Operation,Operational,Nepal Electricity Authority,0,28.24111111,83.97888889,Province 4,KASKI,Madi,12/6/2051,11/30/2101,Niti Foundation / DoED,2026-09-29
Seti Khola HPP,3.5,Seti Khola,205,Generation,Approved (Under Construction),Parbat Paiyu Khola Hydropower Company,"Head Office ,Kathmandu Tel: 2093013, Fax: 4385668",28.0225,83.61875,Province 4,PARBAT,Mahashila,5/26/2074,5/25/2109,Niti Foundation / DoED,2026-09-29
Seti Khola HPP,30.0,Seti Khola,803,Survey,Proposal (Feasibility),Vision Lumbini Ltd.,"Butwal-8, Rupandehi, 071-549494, 548464,9857025140",28.34055556,83.96458333,Province 4,KASKI,Machhapuchchhre,1/8/2074,1/7/2076,Niti Foundation / DoED,2026-09-29
Seti Nadi-3,165.0,Seti Khola,905,Survey,Proposal (Feasibility),Chilime Hydropower Company Limited,"Dhumbarahi, Kathmandu, 01-4370720",29.55,81.19041667,Province 7,BAJHANG,JayaPrithivi,6/1/2074,5/30/2076,Niti Foundation / DoED,2026-09-29
Seti-II,0.78,Seti Khola,0,Operation,Operational,Task Hydropower Co. Pvt. Ltd,0,28.21166667,84.02527778,Province 4,KASKI,Madi,8/22/2055,0/1/0,Niti Foundation / DoED,2026-09-29
Setikhola Hydroelectric Project,22.0,Seti Khola,775,Survey,Proposal (Feasibility),Setikhola Hydropower Pvt.Ltd.,"Kantipath,Kathmandu .PO box 26153",28.11180556,84.08097222,Province 4,KASKI,Pokhara Lekhnath,9/3/2073,9/2/2075,Niti Foundation / DoED,2026-09-29
Shyam Khola HEP,7.25,Shyam Khola,978,Survey,Proposal (Feasibility),Shyam Khola Energy Development Pvt. Ltd,"Ka.Ma.Na.Pa-29 Ghattekulo, Kathmandu",27.33333333,87.07791667,Province 1,SANKHUWASABHA,Khandbari,10/14/2074,10/13/2076,Niti Foundation / DoED,2026-09-29
Siddhi Khola,10.0,Siddhi Khola,143,Generation,Approved (Under Construction),Lumbini Builders P. Ltd,"New Baneshwor, Kathmandu, Nepal. Ph: 071 520460, 4464305, Po Box no 10678",26.83638889,88.14861111,Province 1,ILAM,Suryodaya,6/13/2072,6/12/2107,Niti Foundation / DoED,2026-09-29
Simbuwa Khola Hydroelectric Project,53.7,Simbuwa Khola,738,Survey,Proposal (Feasibility),Remit Hydro Ltd,"Babarmahal, Kathmandu-11,4257024,4257025,9851084895 fax4251060",27.51472222,87.82986111,Province 1,TAPLEJUNG,Phaktanglung,4/18/2073,4/17/2076,Niti Foundation / DoED,2026-09-29
Simrutu Khola,0.2,Simruth,0,Generation,Approved (Under Construction),Simrutu Khola Jal Upvokta Samiti,Rukum,28.58027778,82.44166667,Province 6,RUKUM_W,Musikot,1/7/2075,0/1/0,Niti Foundation / DoED,2026-09-29
Singati Khola hydropower project,25.0,Singati,150,Generation,Approved (Under Construction),Singati Hydro Energy Pvt. Ltd.,"Durbar Marg Kathmandu, Tel: 4228816, Fax : 977-1-4223570",27.76069444,86.14166667,Province 3,DOLAKHA,Kalinchok,9/30/2072,9/29/2107,Niti Foundation / DoED,2026-09-29
Sinkos Khola HPP,3.45,Sinkos Khola,814,Survey,Proposal (Feasibility),Simkos Hydropower P.Ltd.,"KMC-14, Kalanki,Kathmandu, KMC-30,Samakhusi, Kathmandu",28.55208333,83.40194444,Province 4,MYAGDI,Dhaulagiri,2/1/2074,1/31/2076,Niti Foundation / DoED,2026-09-29
Sipa Khola HEP,1.514,Sipa,944,Survey,Proposal (Feasibility),Simbuwa Khola A Hydropower Pvt. Ltd.,9851056080,27.76597222,85.66180556,Province 3,SINDHUPALCHOK,Chautara SangachokGadhi,7/29/2074,7/28/2076,Niti Foundation / DoED,2026-09-29
Sipring Khola,10.0,Sipring,27,Operation,Operational,Synergy Power Development P Ltd,"P.O.Box 24600, Kathmandu, Phone 01-4440433",27.81902778,86.24236111,Province 3,DOLAKHA,Gaurishankar,1/30/2066,1/29/2101,Niti Foundation / DoED,2026-09-29
Sisa Khola A Hydropower Project,2.8,Sisa,180,Generation,Approved (Under Construction),Upper Solu Hydroelectric Company Pvt Ltd,"Hattisar, Kathmandu, Tel: 44269, 4426942, Fax no 4426943, Po. Box no 660, Email ushec@info.com.np",27.44166667,86.56625,Province 1,SOLUKHUMBU,Dudhkaushika,9/22/2073,9/21/2108,Niti Foundation / DoED,2026-09-29
Sisne Khola,0.8,Sisne Khola,0,Operation,Operational,Gautam Budha Hydropower Development Company,0,27.76458333,83.47916667,Province 5,PALPA,Tinau,3/24/2060,0/1/0,Niti Foundation / DoED,2026-09-29
Siuri Khola,5.0,Siuri,31,Operation,Operational,Nyadi Group Pvt Ltd,"PO Box 14165, Kathmandu, Ph: 6219566",28.345,84.47555556,Province 4,LAMJUNG,Marsyangdi,5/30/2066,5/29/2101,Niti Foundation / DoED,2026-09-29
Solu Hydropower Project,23.5,Solu Khola,117,Generation,Approved (Under Construction),Upper Solu Hydroelectric Company Pvt Ltd,"Hattisar, Kathmandu, Tel: 4434895, Fax: 4434937",27.4625,86.57583333,Province 1,SOLUKHUMBU,Solududhakunda,12/4/2070,12/3/2105,Niti Foundation / DoED,2026-09-29
Solu Khola (Dudha Koshi),86.0,Solu Khola,126,Generation,Approved (Under Construction),Sahas Urja Limited,"Kathmandu-1, Hatisar Phone 01-4419182",27.39277778,86.65694444,Province 1,SOLUKHUMBU,Dudhkoshi,6/2/2071,6/1/2106,Niti Foundation / DoED,2026-09-29
Sona Khola Hydropower Project,5.0,Sona Khola,913,Survey,Proposal (Feasibility),Himali Hydro Fund Pvt. Ltd.,"Tokha Nagarpalika 14, Ganeshthan, Gongabu, Kathmandu. Mob no. 9851263322",27.56222222,87.65291667,Province 1,TAPLEJUNG,Mikwakhola,6/25/2074,6/24/2076,Niti Foundation / DoED,2026-09-29
Sun Koshi,10.05,Sun Koshi,1_gtd,Operation,Operational,Nepal Electricity Authority,0,27.75833333,85.85555556,Province 3,SINDHUPALCHOK,Sunkoshi,12/6/2051,11/30/2101,Niti Foundation / DoED,2026-09-29
Sunigad,11.05,Suni Gad,832,Survey,Proposal (Feasibility),Omega EnergyDeveloper Pvt. Ltd,"Chandole Kathmandu, omegaenergy73@gmail.com,01-4436184",29.63472222,81.21694444,Province 7,BAJHANG,Talkot,2/10/2074,2/9/2076,Niti Foundation / DoED,2026-09-29
Sunkoshi Small,2.6,Sun Koshi,12,Operation,Operational,Sanima Hydripower Pvt.Ltd,0,27.78333333,85.90833333,Province 3,SINDHUPALCHOK,Tripurasundari,6/22/2059,3/31/2094,Niti Foundation / DoED,2026-09-29
Super Budhigandaki,52.0,Budhigandaki,929,Survey,Proposal (Feasibility),Natural Hydro Nepal Pvt. Ltd,"Pulchok lalitpur, 01-5009156",28.57083333,84.72361111,Province 4,GORKHA,Chum Nubri,7/14/2074,7/13/2076,Niti Foundation / DoED,2026-09-29
Super Chepe,9.05,Chepe Khola,834,Survey,Proposal (Feasibility),Ridge Line Energy Pvt. Ltd,"Lalitpur 10, 9851198805, 015520465",28.23333333,84.64180556,Province 4,GORKHA,Sulikot,2/22/2074,2/21/2076,Niti Foundation / DoED,2026-09-29
Super Dordi Kha Hydropower Project,49.6,Dordi,115,Generation,Approved (Under Construction),Peoples Hydropower Company Pvt.Ltd.,"G.P.O. Box 14165 Maharajgunj Kathmandu, Phone 016222304 Fax 014720739",28.29208333,84.54305556,Province 4,LAMJUNG,Dordi,11/21/2070,11/20/2105,Niti Foundation / DoED,2026-09-29
Super Ghalemdi HPP,9.14,Ghalemdi,813,Survey,Proposal (Feasibility),Super Ghalemdi Hydropower Pvt. Ltd.,Lalitpur 10,28.53541667,83.725,Province 4,MYAGDI,Annapurna,1/29/2074,1/28/2076,Niti Foundation / DoED,2026-09-29
Super Inkhu Khola,22.12,Inkhu,948,Survey,Proposal (Feasibility),Dordi Khola Jalvidyut Company Limited,"Bluestar Complex Tripureshwor, 01-4232449",27.61194444,86.79555556,Province 1,SOLUKHUMBU,Khumbupasanglahmu,8/4/2074,8/3/2076,Niti Foundation / DoED,2026-09-29
Super Iwa Khola HEP,4.0,Iwa Khola,915,Survey,Proposal (Feasibility),Kanchanjunga Hydro Energy Pvt. Ltd,Ka. Ma. Na. Pa 35,27.31458333,87.98694444,Province 1,PANCHTHAR,Yangwarak,0/1/0,6/30/2076,Niti Foundation / DoED,2026-09-29
Super Kabeli Khola A,15.0,Kabeli Khola,849,Survey,Proposal (Feasibility),Snow River Pvt. Ltd,"Tusalmarga house number 148, Kathmandu-7, 01-6911637, 9860420866 bikram bhandari, 9851220305 pratap gurung",27.4625,87.94541667,Province 1,TAPLEJUNG,Sirijangha,3/8/2074,3/7/2076,Niti Foundation / DoED,2026-09-29
Super Kabeli Khola HPP,20.0,Kabeli Khola,817,Survey,Proposal (Feasibility),Hilton Hydro Energy Pvt. Ltd.,"GPO no.20762,Bakuwatar, Kathmandu",27.43791667,87.8975,Province 1,TAPLEJUNG,Sirijangha,2/2/2074,2/1/2076,Niti Foundation / DoED,2026-09-29
Super Lower Bagmati HPP,35.9,Bagmati,869,Survey,Proposal (Feasibility),Tsetan Gyurman Shrestha,"Boudha, Kathmandu 6, Nepal. mob: 9818785021, 9851047673",27.37083333,85.42319444,Province 3,KABHREPALANCHOK,Khanikhola,4/4/2074,4/3/2076,Niti Foundation / DoED,2026-09-29
Super Machha Khola HEP,4.6,Machha Khola,964,Survey,Proposal (Feasibility),Budhigandaki Hydropower Pvt. Ltd,"Balaju-16,Kathmandu, 9851148537, 01-4380505",28.23430556,84.80125,Province 4,GORKHA,Dharche,8/29/2074,8/28/2076,Niti Foundation / DoED,2026-09-29
Super Madi,44.0,Madi Khola,192,Generation,Approved (Under Construction),Himal Hydro and General Construction Ltd.,"P.O.Box 12268, Kathmandu, Phone 01-5000032, 5000211",28.33902778,84.11097222,Province 4,KASKI,Madi,12/17/2073,12/16/2108,Niti Foundation / DoED,2026-09-29
Super Mai Hydropower Project,7.8,Mai Khola,188,Generation,Approved (Under Construction),Supermai Hydropower Pvt.Ltd.,"Kathmandu -5, Tangal , Phone no 4470887, email: supermaihydropower@gmail.com",26.95375,87.95236111,Province 1,ILAM,Maijogmai,11/30/2073,11/29/2108,Niti Foundation / DoED,2026-09-29
Super Mai Khola Cascade HPP,3.8,Mai Khola,755,Survey,Proposal (Feasibility),Mai Khola Hydropower Pvt.Ltd.,"Kathmandu-10, Thapagaun",26.93444444,87.94847222,Province 1,ILAM,Sandakpur,8/9/2073,8/8/2075,Niti Foundation / DoED,2026-09-29
Super Mai-A HPP,9.6,Mai Khola,224,Generation,Approved (Under Construction),Sagarmatha Jalbidhyut Company P.Ltd.,"168/22 Thapa Gaun, New Banesor-10, Kathmandu.42272949, 9851018025,9751000158",26.98430556,87.96694444,Province 1,ILAM,Maijogmai,11/18/2074,11/17/2109,Niti Foundation / DoED,2026-09-29
Super Melamchi Hydropower Project,24.7,Melamchi,923,Survey,Proposal (Feasibility),Milarepa Energy Pvt Ltd,"Boudh, Kathmandu, Tel; 9851020622, 01-4820834, 01-4821086(Fax), P.O box no. 5722",28.00319444,85.53194444,Province 3,SINDHUPALCHOK,Panchpokhari Thangpal,7/5/2074,7/4/2076,Niti Foundation / DoED,2026-09-29
Super Most Iwa,3.7,Iwa,1010,Survey,Proposal (Feasibility),Bishnu Kumar Maden,Kathmandu,27.34097222,88.01180556,Province 1,PANCHTHAR,Yangwarak,2/9/2075,2/8/2077,Niti Foundation / DoED,2026-09-29
Super Nyadi Hydropower Project,40.27,Nyadi,204,Generation,Approved (Under Construction),Siuri Nyadi Power Pvt. Ltd,"GPO Box no 14165, Anamnagar Kathmandu, Tel 4223608, 4238159, email: supernyadi@siurihydro.com",28.37944444,84.47708333,Province 4,LAMJUNG,Dordi,5/14/2074,5/13/2109,Niti Foundation / DoED,2026-09-29
Super Seti HEP,24.0,Seti Khola and Batase Khola,977,Survey,Proposal (Feasibility),S N Energy Pvt. Ltd,"Kupondole, Lalitpur, 01-6922762",28.45291667,84.00319444,Province 4,KASKI,Madi,9/30/2074,9/29/2076,Niti Foundation / DoED,2026-09-29
Super Tamor,155.0,Tamor,784,Survey,Proposal (Feasibility),Cristal Power Development Pvt ltd,"Baluwatar, Kathmandu, Phone no 4430050",27.60930556,87.79166667,Province 1,TAPLEJUNG,Phaktanglung,11/2/2073,11/1/2075,Niti Foundation / DoED,2026-09-29
Super Trishuli,100.0,Trishuli,218,Generation,Approved (Under Construction),Blue Energy Pvt. Ltd,"GPO Box: 9609, Kathmandu, Nepal. Tel : 4216606, 4221305, email dibya.pant@gmail.com",27.84680556,84.62583333,Province 4,GORKHA,Sahid Lakhan,10/7/2074,10/6/2109,Niti Foundation / DoED,2026-09-29
Supper Sabha Khola Small HPP,4.1,Sabha Khola,773,Survey,Proposal (Feasibility),Sankhuwasabha Power Development Pvt.Ltd,"339/96 Pepsikola Town Planning ,Kathmandu 9841401080",27.45444444,87.405,Province 1,TAPLEJUNG,Meringden,8/23/2073,8/22/2075,Niti Foundation / DoED,2026-09-29
Suri Khola,7.0,Suri,134,Generation,Approved (Under Construction),Suri Khola Hydropower Pvt Ltd,"GPO Box: 8941 , Katmandu. Phone no 4117079",27.745,86.23333333,Province 3,DOLAKHA,Gaurishankar,2/24/2072,2/23/2107,Niti Foundation / DoED,2026-09-29
Surke Dudhkoshi HEP,350.0,Dudhkoshi,987,Survey,Proposal (Feasibility),Yeti World Investment Pvt. Ltd.,"Yeti Building, Tilganga Ringroad, Kathmandu",27.6125,86.69819444,Province 1,SOLUKHUMBU,Solududhakunda,11/25/2074,11/24/2076,Niti Foundation / DoED,2026-09-29
Suspa Bukhari Khola,0.998,Suspa Bukhari Khola,0,Operation,Operational,Kutheli Bukhari Small Hydropower,Banepa Kavre,27.70277778,86.0625,Province 3,DOLAKHA,Kalinchok,2/4/2071,0/1/0,Niti Foundation / DoED,2026-09-29
Suti Khola Hydropower Project,17.0,Suti,932,Survey,Proposal (Feasibility),Nilganga Hydropower Company Pvt. Ltd,"Kathmandu-32, Tinkune",28.60986111,84.41583333,Province 4,MANANG,Nashong,7/23/2074,7/22/2076,Niti Foundation / DoED,2026-09-29
Syalque Khola Small HEP,3.41,"Syalque khola, Danque Khola",924,Survey,Proposal (Feasibility),Alliance Energy Solutions Pvt Ltd,"Putalisadak, Kathmandu",28.52333333,84.31236111,Province 4,MANANG,Nashong,7/1/2074,6/30/2076,Niti Foundation / DoED,2026-09-29
Syankhu Khola,0.996,Syankhu,0,Survey,Proposal (Feasibility),Gaurab Malla,0,27.85222222,86.12666667,Province 3,DOLAKHA,Bigu,5/6/2074,5/5/2076,Niti Foundation / DoED,2026-09-29
Syano Khola HPP,4.2,Syano Khola,796,Survey,Proposal (Feasibility),Karnali Jalashrot Limited,"Anamnagar-32, Kathmandu",28.54236111,83.50597222,Province 4,MUSTANG,Thasang,12/15/2073,12/14/2075,Niti Foundation / DoED,2026-09-29
Syar Khola HPP,59.5,Syar,922,Survey,Proposal (Feasibility),Bigland Hydropower P. Ltd.,"Kathmandu-5, Phone no 9851038091(Bikram Bist), 9843686713 ( Rajkumar Mishra)",28.47625,85.00347222,Province 4,GORKHA,Chum Nubri,7/1/2074,6/30/2076,Niti Foundation / DoED,2026-09-29
Tadi Ghyamphedi HPP,4.7,Tadi Khola,899,Survey,Proposal (Feasibility),Purna Lal Shrestha and Bala Ram Khatiwada,"Gongabu-13, Ktm",27.99763889,85.45375,Province 3,SINDHUPALCHOK,Helambu,5/26/2074,5/25/2076,Niti Foundation / DoED,2026-09-29
Tadi Khola,5.0,Tadi Khola,51,Generation,Approved (Under Construction),Hiraratna hydropower Pvt. Ltd,"Kalopul,Kathmandu -5, POB : 21650, Ph no. 01-4220127, Fax 4226330",27.94638889,85.39138889,Province 3,SINDHUPALCHOK,Helambu,6/4/2068,6/3/2103,Niti Foundation / DoED,2026-09-29
Tadi Khola (thaprek),5.0,Tadi Khola,54,Operation,Operational,Aadi Shakti Bidhut Bikash Co. P. Ltd,"P.O. Box: 897, Ph: 01-4219731",27.92444444,85.33652778,Province 3,NUWAKOT,Panchakanya,8/6/2068,8/5/2103,Niti Foundation / DoED,2026-09-29
Taksar Pikhuwa,8.0,Pikhuwa,159,Generation,Approved (Under Construction),Taksar Pikhuwa Khola Hydropower Pvt. Ltd.,"Gairigaun, Tinkune, Kathmandu, Phone no 9851099478, 4495459, Email: taksarpikhuwahydropower@gmail.com",27.13027778,87.04930556,Province 1,BHOJPUR,Pauwadungma,3/3/2073,3/2/2108,Niti Foundation / DoED,2026-09-29
Tallo Bagmati Small HPP,8.5,Bagmati,901,Survey,Proposal (Feasibility),Maheswor Prakash Shrestha,"Heritage Plaza, Kamaladi. Mob No. 9851058430. P.O.Box 7970",27.49902778,85.24375,Province 3,MAKAWANPUR,Indrasarowar,5/23/2074,5/22/2076,Niti Foundation / DoED,2026-09-29
Tamakoshi 3,650.0,Tama Koshi,918,Survey,Proposal (Feasibility),TBI Holding Co. Ltd.,"TBI Plaza, Gairidhara, kathmandu, Phone no 9801168841",27.61458333,86.1175,Province 3,DOLAKHA,Melung,6/26/2074,6/25/2076,Niti Foundation / DoED,2026-09-29
Tamakoshi V,87.0,Tama Koshi,193,Generation,Approved (Under Construction),Tamakoshi hydropower Company Ltd.,"Durbar Marg , Kathmandu",27.79027778,86.20833333,Province 3,DOLAKHA,Gaurishankar,2/9/2074,2/8/2109,Niti Foundation / DoED,2026-09-29
Tamakoshi- 9 HEP,24.46,Tamakoshi,1017,Survey,Proposal (Feasibility),Asian Hydropower Pvt. Ltd,"Baneshwor, Kathmandu",27.95569444,86.21597222,Province 3,DOLAKHA,Bigu,2/28/2075,2/27/2077,Niti Foundation / DoED,2026-09-29
Taman Khola,4.85,Taman,227,Generation,Approved (Under Construction),Taman Khola Hydro Pvt. Ltd.,"Tokha4358730, email tamankhydro@gmail.comKathmandu",28.34402778,83.17541667,Province 4,BAGLUNG,Dhorpatan,12/25/2074,12/24/2109,Niti Foundation / DoED,2026-09-29
Tamor Khola-5 HEP,40.0,Tamor,921,Survey,Proposal (Feasibility),River Side Hydro Energy Pvt. Ltd,"Lazimpat, Kathmandu, 9808900203",27.52125,87.79638889,Province 1,TAPLEJUNG,Phaktanglung,6/29/2074,6/28/2076,Niti Foundation / DoED,2026-09-29
Tamor Mewa,128.0,Tamor,675,Survey,Proposal (Feasibility),Spark Hydroelectric Co. Ltd.,"Dharmabhakta Marg, Chabhil, P.O. Box. 20832, Kathmandu",27.36777778,87.64375,Province 1,TAPLEJUNG,Phungling,11/22/2070,3/8/2075,Niti Foundation / DoED,2026-09-29
Tamor Storage,200.0,Tamor,666,Survey,Proposal (Feasibility),Nepal Electricity Authority,"Ratnapark, kathmandu",27.12972222,87.64083333,Province 1,PANCHTHAR,Kummayak,4/16/2070,4/15/2074,Niti Foundation / DoED,2026-09-29
Tanahu HEP,140.0,Seti Khola,157,Generation,Approved (Under Construction),Tanahu Hydropower Limited,"4th Floor, Trade Tower, Thapathali, Kathmandu. Phone: 5111117, 5111118 Fax: 5111121, Email: info@thl.com.np",27.95833333,84.17916667,Province 4,TANAHU,Ghiring,2/3/2073,2/2/2108,Niti Foundation / DoED,2026-09-29
Tanchhahara SHP,2.4,Tangchhahara,141,Generation,Approved (Under Construction),Tanchhar Hydro Pvt. Ltd.,"Phone no 01 4017783 P.O.Box 683, Bansabari Kathmandu",28.67569444,83.59152778,Province 4,MUSTANG,Thasang,4/29/2072,4/28/2107,Niti Foundation / DoED,2026-09-29
Tara Khola Community (Mini) Hydropower Project,0.38,Tara Khola,0,Generation,Approved (Under Construction),Tara Khola Community Small Hydropower Consumer Committee,"Tara-7, Bagling, 9847628615 (Bal B. KC)",28.33402778,83.37777778,Province 4,MYAGDI,Malika,3/28/2075,0/1/0,Niti Foundation / DoED,2026-09-29
Tatopani,2.0,Tatopani,1_gtd,Operation,Operational,Nepal Electricity Authority,0,28.52930556,83.66347222,Province 4,MYAGDI,Annapurna,12/6/2051,11/30/2101,Niti Foundation / DoED,2026-09-29
Tatopani khola HPP,24.3,Tatopani(Ilep) Khola,808,Survey,Proposal (Feasibility),Hanuman hydropower pvt ltd,"Kathmandu 32 Anam nagar, 4265888, 9851085982",28.25722222,85.08458333,Province 3,DHADING,Rubi Valley,1/15/2074,1/14/2076,Niti Foundation / DoED,2026-09-29
Tawa Khola HPP,9.96,"Tawa Khola, Yamkha Khola, Siwa",748,Survey,Proposal (Feasibility),M.A energy venture pvt.ltd.,"baluwatar-4,kathmandu,P.O NO 26153 mob 9851026244",27.37861111,87.91527778,Province 1,TAPLEJUNG,Sirijangha,7/26/2073,7/25/2075,Niti Foundation / DoED,2026-09-29
Thame Small HPP,0.63,Thame Khola,0,Operation,Operational,Khumbu Bijuli Company Pvt. Ltd.,"Pasang lamhu VDC, Solukhumbu, Phone no 038540112",27.82708333,86.66069444,Province 1,SOLUKHUMBU,Khumbupasanglahmu,7/29/2074,0/1/0,Niti Foundation / DoED,2026-09-29
Thapa Khola,11.2,Thapa Khola,61,Operation,Operational,Mount Kailash Energy Co. Pvt. Ltd,"Tupche -3, Nuwakot ,Tel: 9841832093",28.72527778,83.63,Province 4,MUSTANG,Gharapjhong,1/26/2069,1/25/2104,Niti Foundation / DoED,2026-09-29
Theule Khola HPP,1.5,Theule,140,Generation,Approved (Under Construction),Barahi Hydropower Pvt Ltd,"Lakeside Pokhra-6, Tel: 061-520872,01-520872",28.17916667,83.62722222,Province 4,PARBAT,Kushma,3/28/2072,3/27/2107,Niti Foundation / DoED,2026-09-29
Thoppal Khola,1.65,Thoppal,19,Operation,Operational,Thoppal Khola Hydropower Company,0,27.83333333,84.86666667,Province 3,DHADING,Siddhalek,3/25/2063,3/24/2098,Niti Foundation / DoED,2026-09-29
thosne Khola Tokal Hydroelectric Project,0.922,Thosne,0,Survey,Proposal (Feasibility),Mahankal Bahuuddeshiya Utpadan samuha Pvt. Ltd (Prem Narayan Ghimire),"Gotikhel 2, Lalitpur Ph No. 01-6207280; 9851087628",27.51861111,85.31958333,Province 3,LALITPUR,Mahalaxmi,1/23/2073,0/1/0,Niti Foundation / DoED,2026-09-29
Thuli Bheri,121.0,Thuli Bheri,564,Survey,Proposal (Feasibility),GAGE Nepal Pvt Ltd,"GPO Box: 2516, Kathmandu",29.0,82.66666667,Province 6,DOLPA,Mudkechula,0/1/0,0/1/0,Niti Foundation / DoED,2026-09-29
Thuligad Khola Small HEP,9.0,Thuli Gad,890,Survey,Proposal (Feasibility),Om Power Company Pvt.Ltd.,"Chandragiri Municipality-12, Satungal Kathmandu Paresh Dahal, phone no 4316325",28.95513889,80.82541667,Province 7,DOTI,Badikedar,5/14/2074,5/13/2076,Niti Foundation / DoED,2026-09-29
Thulo Khola HPP,4.99,Thulo Khola,945,Survey,Proposal (Feasibility),Thulo Khola Hydropower Ltd,Baneshwor Kathmandu,28.59430556,83.52958333,Province 4,MYAGDI,Raghuganga,7/30/2074,7/29/2076,Niti Foundation / DoED,2026-09-29
Thulo Khola Hydropower Project,21.3,Thulo Khola,705,Survey,Proposal (Feasibility),Sungava Foundation Pvt. Ltd.,Lalitpur,28.56194444,83.53333333,Province 4,MYAGDI,Raghuganga,6/15/2072,6/14/2075,Niti Foundation / DoED,2026-09-29
Tinau,1.024,Tinau,1_gtd,Operation,Operational,Nepal Electricity Authority,0,27.72777778,83.4625,Province 5,RUPANDEHI,Devdaha,12/6/2051,11/30/2101,Niti Foundation / DoED,2026-09-29
Tinau Khola HPP,3.44,Tinau,668,Survey,Proposal (Feasibility),Nama Buddha Hydropower Pvt Ltd,"PO Box: 5558, Kathmandu, Mobile: 9851034098",27.75694444,83.51833333,Province 5,PALPA,Tansen,6/1/2070,5/31/2075,Niti Foundation / DoED,2026-09-29
Tinekhu Khola SHP,0.99,Tinekhu,0,Generation,Approved (Under Construction),Hydro Innovations Pvt. Ltd.,"Dhapakhel, Lalitpur, Ph: 01-5250671, 9851025052",27.74291667,86.19666667,Province 3,DOLAKHA,Gaurishankar,5/26/2074,0/1/0,Niti Foundation / DoED,2026-09-29
Tiplyang Kaligandaki HEP,58.0,Kali Gandaki,677,Survey,Proposal (Feasibility),Tiplyang Kaligandaki Hydropower Pvt. Ltd,"Ka. Ma. Na. Pa-28, Kathmandu",28.45805556,83.62416667,Province 4,MYAGDI,Raghuganga,12/20/2070,12/19/2075,Niti Foundation / DoED,2026-09-29
Toj Khola HPP,2.3,Toj Khola,960,Survey,Proposal (Feasibility),New Star MP Hydropower Pvt. Ltd.,"Samakhushi Kathmandu, phone no 9841015940",28.33208333,84.45708333,Province 4,LAMJUNG,Marsyangdi,8/20/2074,8/20/2076,Niti Foundation / DoED,2026-09-29
Tom Dogar HEP ( Budhi gandaki),43.52,Budhi Gandaki,984,Survey,Proposal (Feasibility),Tom Dogar Hydro pvt. Ltd,"Lalitpur- 3, Pulchok",28.49902778,84.86277778,Province 4,GORKHA,Chum Nubri,11/13/2074,11/12/2076,Niti Foundation / DoED,2026-09-29
Trishuli,24.0,Trishuli,1_gtd,Operation,Operational,Nepal Electricity Authority,0,27.94638889,85.16611111,Province 3,NUWAKOT,Suryagadhi,12/6/2051,11/30/2101,Niti Foundation / DoED,2026-09-29
Trishuli Galchhi,75.0,Trishuli,174,Generation,Approved (Under Construction),Siddhakali Power Pvt.Ltd,"P.O.Box 9106, Kathmandu, Phone 01-5111048, 9851156559Fax 01-4447895",27.82777778,85.02291667,Province 3,NUWAKOT,Meghang,7/1/2073,6/29/2108,Niti Foundation / DoED,2026-09-29
Trishuli Khola,4.409,Trishuli Khola,958,Survey,Proposal (Feasibility),Karuna Chetri Ambika Shah,"Kalanki, Kathmandu 9851114574, 9841262907",28.11263889,85.31125,Province 3,RASUWA,Gosaikunda,7/30/2074,7/29/2076,Niti Foundation / DoED,2026-09-29
Tungun - Thosne Khola,4.36,Tugun,84,Operation,Operational,Khani Khola Hydropower Company Ltd,"Baluwatar Kathmandu, P.O.Box 8975,Ph 01-4417219",27.49236111,85.31847222,Province 3,LALITPUR,Konjyosom,11/3/2069,11/2/2104,Niti Foundation / DoED,2026-09-29
Upper Ankhu Khola,35.0,Ankhu Khola,672,Survey,Proposal (Feasibility),Dhading Ankhu Khola Hydro Pvt. Ltd.,"Sumargi B. Complex, Babarmahal-11, Kathmandu",28.14166667,85.02916667,Province 3,DHADING,Gangajamuna,8/14/2070,8/13/2075,Niti Foundation / DoED,2026-09-29
Upper Apsuwa HEP,24.6,Apsuwa,1025,Survey,Proposal (Feasibility),Ram Janaki Hydropower Pvt. Ltd,Kathmandu,27.57138889,87.17083333,Province 1,SANKHUWASABHA,Makalu,4/16/2075,4/15/2077,Niti Foundation / DoED,2026-09-29
Upper Balefhi,46.0,Balephi,950,Survey,Proposal (Feasibility),Samjhana Acharya,"Pawan Nagar 8, Dang",28.00305556,85.79013889,Province 3,SINDHUPALCHOK,Jugal,3/2/2065,7/30/2076,Niti Foundation / DoED,2026-09-29
Upper Balephi A,36.0,Balephi,163,Generation,Approved (Under Construction),Balephi Hydropower Ltd.,"Koteshwor 35 Kathamndu; P.O.Box 23189 Kathmandu, Phone 9771 4602073",27.92291667,85.77638889,Province 3,SINDHUPALCHOK,Jugal,4/12/2073,4/11/2108,Niti Foundation / DoED,2026-09-29
Upper Barunkhola HEP,55.0,Barun,994,Survey,Proposal (Feasibility),Great Hydropower Pvt. Ltd,Kathmanu,27.725,87.27708333,Province 1,SANKHUWASABHA,Bhotkhola,12/25/2074,12/24/2076,Niti Foundation / DoED,2026-09-29
Upper Belkhu Small HPP,0.996,Belkhu,0,Generation,Approved (Under Construction),Dariyal Small Hydropower Co. P Ltd.,"Battishputali Kathmandu, Ph: 9851079680",27.73486111,84.95083333,Province 3,DHADING,Galchi,10/29/2074,0/1/0,Niti Foundation / DoED,2026-09-29
Upper Bhotekoshi,45.0,Bhote Koshi,5,Operation,Operational,Bhotekoshi Power Company,0,27.92805556,85.93444444,Province 3,SINDHUPALCHOK,Bhotekoshi,8/13/2053,7/30/2093,Niti Foundation / DoED,2026-09-29
Upper Bhurundi Khola SHP,3.75,Bhurundi Khola,733,Survey,Proposal (Feasibility),Ambe Hydropower Pvt. Ltd,Kathmandu,28.33402778,83.74444444,Province 4,KASKI,Annapurna,4/7/2073,4/6/2076,Niti Foundation / DoED,2026-09-29
Upper Bhurundi Khola- A Small HEP,4.5,Bhurundi,885,Survey,Proposal (Feasibility),Niko Energy Pvt. Ltd.,Jain Lama 9851046754,28.35694444,83.74305556,Province 4,KASKI,Annapurna,5/2/2074,5/2/2076,Niti Foundation / DoED,2026-09-29
Upper Brahmayeni HEP,20.07,Nyamya Masal,928,Survey,Proposal (Feasibility),Integrated Hydro Fund Nepal Pvt. Ltd,"Budhhanagar, Kathmandu, 9851168379 ( Bharat Parajuli)",28.08555556,85.7775,Province 3,SINDHUPALCHOK,Jugal,7/12/2074,7/11/2076,Niti Foundation / DoED,2026-09-29
Upper Budhigandaki HEP,203.0,Budhi Gandaki,965,Survey,Proposal (Feasibility),Purnima Developers Group Nepal Pvt. Ltd,Kathmandu,28.40347222,84.89305556,Province 4,GORKHA,Chum Nubri,9/2/2074,9/1/2076,Niti Foundation / DoED,2026-09-29
Upper Budhiganga B HPP,8.4,Budhi ganga,778,Survey,Proposal (Feasibility),Reliable Hydropower Company Pvt. Ltd.,"Heritage Plaza II, Kathmandu, PO Box 516, phone 4169116, fax 4169118",29.50944444,81.45388889,Province 7,BAJURA,Gaumul,9/20/2073,9/19/2075,Niti Foundation / DoED,2026-09-29
Upper Chaku A,22.2,Chaku,58,Generation,Approved (Under Construction),Shiva Sri Hydropower Pvt. Ltd,"P.O.Box 13860 Kathmandu, Phone 01-4466330,",27.86694444,85.95083333,Province 3,SINDHUPALCHOK,Bhotekoshi,11/12/2068,11/11/2103,Niti Foundation / DoED,2026-09-29
Upper Chameliya HP,40.0,Chameliya Khola,713,Survey,Proposal (Feasibility),Api Power Co. Ltd,"Thapathali, Kathmandu, ph 5111037,9801147070",29.76069444,80.80027778,Province 7,DARCHULA,Apihimal,10/17/2072,10/16/2075,Niti Foundation / DoED,2026-09-29
Upper Chauri Khola,6.0,Chauri,194,Generation,Approved (Under Construction),Himalayan Water Resources & Energy Development Co. P. Ltd,"P.O. Box:2919, Tel: 4477000, 4153055, 984382339, email: ghisingbuilders2049@gmail.com",27.58513889,85.84916667,Province 3,KABHREPALANCHOK,Chaurideurali,1/29/2074,1/28/2109,Niti Foundation / DoED,2026-09-29
Upper Chhyandi Small HPP,4.0,Chhyangdi,233,Generation,Approved (Under Construction),Chhyandi Hysropower LTD,"Gairidhara-2, Kathmandu, 4426483, PO 19380",28.28208333,84.48819444,Province 4,LAMJUNG,Dordi,2/9/2075,2/8/2110,Niti Foundation / DoED,2026-09-29
Upper Chirkuwa Khola,4.7,Chirkhuwa,185,Generation,Approved (Under Construction),Chirkhuwa Hydropower Company Pvt td,"GPO Box: 19387 , Katmandu, phone no 4770297",27.36569444,87.09444444,Province 1,SANKHUWASABHA,Khandbari,11/11/2073,11/10/2108,Niti Foundation / DoED,2026-09-29
Upper Daraudi B Small HPP,8.3,Daraudi,1002,Survey,Proposal (Feasibility),Kalika Construction Pvt.Ltd.,"Kalika Tower, Baluwatar, Kathmandu 4439152,4439153",28.23666667,84.73541667,Province 4,GORKHA,Dharche,1/10/2075,1/9/2077,Niti Foundation / DoED,2026-09-29
Upper Daraudi Hydropower Project,9.2,Daraudi,797,Survey,Proposal (Feasibility),"Apaar Bhattarai, Sushila Parajuli Baral","Bhadrapur-11, Jhapa & Pokhara-04, Kaski respectively,9849685070",28.16583333,84.71041667,Province 4,GORKHA,Dharche,12/21/2073,12/20/2075,Niti Foundation / DoED,2026-09-29
Upper Daraudi-C HPP,9.82,Daraudi,729,Survey,Proposal (Feasibility),Kalika Construction Pvt Ltd,"Kalika Tower, Baluwatar, Kathmandu 4439152,4439153 Fax 4439155",28.26263889,84.72916667,Province 4,GORKHA,Ajirkot,3/24/2073,3/23/2076,Niti Foundation / DoED,2026-09-29
Upper Deumai Khola Small HPP,8.3,Deumai,823,Survey,Proposal (Feasibility),Uddhav Raj Siwakoti,"Suspa Chhemavati 5, Dolakha, 9849848396, 9841618543",26.9375,87.79305556,Province 1,ILAM,Deumai,2/9/2074,2/8/2076,Niti Foundation / DoED,2026-09-29
Upper Dordi A HEP,25.0,Dordi,121,Generation,Approved (Under Construction),Liberty Energy Hydropower Pvt. Ltd.,"Thapathali-11, Kathmandu",28.26111111,84.50625,Province 4,LAMJUNG,Dudhpokhari,1/15/2071,1/14/2106,Niti Foundation / DoED,2026-09-29
Upper Dudh Khola HPP,21.16,Dudh Khola,850,Survey,Proposal (Feasibility),Carbonless Energy Fund Pvt. Ltd.,"Charkhal road, Dillibazar, Ktm. 01-4432864, 01-4432863, info@everestequity.com.np",28.57319444,84.40680556,Province 4,MANANG,Nashong,3/8/2074,3/7/2076,Niti Foundation / DoED,2026-09-29
Upper Gaddi Gad,1.55,Gaddi Gad,225,Generation,Approved (Under Construction),Shaileshwari Power Nepal,"Sukedhara, Kathmandu, Phone no 9851034375, email saileshwori.power.17@gmail.com",29.28388889,81.07013889,Province 7,DOTI,Khaptad National Park,11/30/2074,11/29/2109,Niti Foundation / DoED,2026-09-29
Upper Ghatte Khola Small HPP,2.73,Ghatte,937,Survey,Proposal (Feasibility),Dolakha Urja Pvt. Ltd,"kathmandu, 01-4785772, 9851023270 (Tek Prasad Chaulagai)",27.76597222,86.31208333,Province 3,DOLAKHA,Gaurishankar,7/23/2074,7/22/2076,Niti Foundation / DoED,2026-09-29
Upper Gidi Khola HEP,3.3,Gidi,1015,Survey,Proposal (Feasibility),Himal Group of Energy Pvt. Ltd,"United World Trade Center, Tripureshwor, Kathmandu, 9851053161 Himal Gurung",29.17069444,82.15694444,Province 6,JUMLA,Guthichaur,2/23/2075,2/22/2077,Niti Foundation / DoED,2026-09-29
Upper Hewa HPP,8.5,Hewa Khola,133,Generation,Approved (Under Construction),Upper Hewa Khola Hydropower Company Pvt Ltd,"GPO Box: 14165, Kathmandu Tel: 4102757",27.33736111,87.36041667,Province 1,TAPLEJUNG,Maiwakhola,1/15/2072,1/14/2107,Niti Foundation / DoED,2026-09-29
Upper Hugdi,5.0,Hugdi,67,Operation,Operational,Ruru Jalbidyut Pariyojana Pvt. Ltd,"P.O. Box 8416, Samakhusi, Kathmandu-29, Nepal, Phone: 01-4389703, 4357563 Fax :01-4357563",28.09333333,83.40472222,Province 5,GULMI,Satyawati,4/30/2069,4/29/2104,Niti Foundation / DoED,2026-09-29
Upper Idi Khola SHP,0.85,Idi Khola,0,Survey,Proposal (Feasibility),Annapurna Vidyut Pvt. Ltd.,"272 Amarsingh chowk, Pokhara-10, Phone: 061-531546, Mobile: 9851078803",28.25055556,84.11847222,Province 4,LAMJUNG,Kwholasothar,3/22/2072,0/1/0,Niti Foundation / DoED,2026-09-29
Upper Inkhu Khola HEP,24.22,Inkhu,954,Survey,Proposal (Feasibility),Universal Power Company P. Ltd,"Bluestar Compllex Tripureshor, 01-4101097",27.585,86.78027778,Province 1,SOLUKHUMBU,Dudhkoshi,8/12/2074,8/11/2076,Niti Foundation / DoED,2026-09-29
Upper Irkhuwa HPP,14.5,"Irkhuwa,Phedi",740,Survey,Proposal (Feasibility),Aarati Power Company Ltd.,"Kathmandu-35,Kotesor. 9851221372",27.39375,87.045,Province 1,SANKHUWASABHA,Silichong,6/9/2073,6/8/2075,Niti Foundation / DoED,2026-09-29
Upper Isuwa,24.3,Isuwa Khola,989,Survey,Proposal (Feasibility),Bista Hydropower Pvt. Ltd.,"Tangal, Kathmandu, Phone no 4410160",27.63625,87.1925,Province 1,SANKHUWASABHA,Makalu,12/12/2074,12/11/2076,Niti Foundation / DoED,2026-09-29
Upper Jumdi Khola,0.995,Jumdi,0,Generation,Approved (Under Construction),Rishikesh Hydropower Pvt. Ltd.,"P.O. Box: 3581, Ph: 4412112",28.05208333,83.45875,Province 4,BAGLUNG,Bareng,11/15/2069,0/1/0,Niti Foundation / DoED,2026-09-29
Upper Junbesi HPP,3.7,Junbeshi,900,Survey,Proposal (Feasibility),Gurkhas Himalayan Hydro Pvt. Ltd.,"Minbhawan, Kathmandu, Phone no 9851114505",27.59916667,86.54833333,Province 1,SOLUKHUMBU,Solududhakunda,5/27/2074,5/26/2076,Niti Foundation / DoED,2026-09-29
Upper Kabeli HPP,22.9,Kabeli Khola,728,Survey,Proposal (Feasibility),Peace Energy Company Pvt. Ltd.,"Baluwatar, Bishalnagar-5 Kathmandu 4416285",27.33166667,87.85666667,Province 1,TAPLEJUNG,Sidingba,3/24/2073,3/23/2076,Niti Foundation / DoED,2026-09-29
Upper Kabeli-2HPP,9.6,Kabeli Khola,794,Survey,Proposal (Feasibility),Arun Valley Hydropower Project Com. Ltd.,"Thapathali, Kathmandu",27.29833333,87.84027778,Province 1,TAPLEJUNG,Sidingba,12/8/2073,12/7/2075,Niti Foundation / DoED,2026-09-29
Upper Kalangad,38.46,Kalanga Gad,152,Generation,Approved (Under Construction),Sani Gad Hydro pvt. Ltd,"Sukedhara, Rara Marg, Kathmandu, Po. Box. No. 13607/21399, Phone no. 01-4101652, 01-4101653, Email: info.ukhep@gmail.com",29.60930556,80.91527778,Province 7,BAJHANG,Bungal,12/14/2072,12/13/2107,Niti Foundation / DoED,2026-09-29
Upper Karnali,900.0,Karnali,328,Survey,Proposal (Feasibility),"GMR, Upper Karnali Hydropower Limited",Chakupat Lalitpur - 10 Phone 01-5526464,28.83611111,81.50416667,Province 6,SURKHET,Barahtal,2/5/2065,8/4/2069,Niti Foundation / DoED,2026-09-29
Upper Khadam SHP,0.99,Khadam,0,Generation,Approved (Under Construction),Abiral Hydropower Company Pvt. Ltd.,"Urlawari-4, Morang Tel: 021-540922, 9742031000",26.83944444,87.4375,Province 1,DHANKUTA,Chaubise,5/19/2067,0/1/0,Niti Foundation / DoED,2026-09-29
Upper Khimti,12.0,Khimti Khola,77,Generation,Approved (Under Construction),Himalaya Urja Bikas Co. Pvt. Ltd.,"Balkot-2 Bhaktapur, Phone 016632822",27.6775,86.34166667,Province 3,DOLAKHA,Jiri,9/3/2069,9/2/2104,Niti Foundation / DoED,2026-09-29
Upper Khimti II,7.0,Khimti Khola,131,Generation,Approved (Under Construction),Himalaya Urja Bikash Company Limited,G.P.O. Box: 10429 Ph: 4487794,27.65208333,86.31944444,Province 3,DOLAKHA,Jiri,12/13/2071,12/12/2106,Niti Foundation / DoED,2026-09-29
Upper Khorunga HPP,7.5,Khoranga Khola,168,Generation,Approved (Under Construction),Terhathum Power Company Pvt. Ltd.,"Bagbajar, Kathmandu, Po. Box. No. 14130, Phone no 4240661",27.21152778,87.53194444,Province 1,TERHATHUM,Phedap,5/8/2073,11/6/2106,Niti Foundation / DoED,2026-09-29
Upper Khudi,26.0,Khudi,232,Generation,Approved (Under Construction),Super Khudi Hydropower Co.Pvt. Ltd.,"P.O.Box 19554, Kathmandu, Phone 01-4434003, 4424644",28.335,84.32722222,Province 4,LAMJUNG,Marsyangdi,2/9/2075,2/8/2110,Niti Foundation / DoED,2026-09-29
Upper Lapche Khola,52.0,Lapche,182,Generation,Approved (Under Construction),Energy Venture Pvt. Ltd.,"New Baneswor Kathmandu, GPO Box: 6870, Phone 9851025737, 4115573, 4115900",28.08263889,86.17069444,Province 3,DOLAKHA,Bigu,10/21/2073,10/20/2108,Niti Foundation / DoED,2026-09-29
Upper Machha Khola HEP,4.55,Machha Khola,927,Survey,Proposal (Feasibility),Bikash Hydropower Company Pvt. Ltd.,"Balaju-16, Kathmandu, 01-4380505, Bikash Kiran Adhikari 9851057917",28.21569444,84.81583333,Province 4,GORKHA,Dharche,7/12/2074,7/11/2076,Niti Foundation / DoED,2026-09-29
upper Madame HPP,12.3,Madame Khola,968,Survey,Proposal (Feasibility),National Hydropower Company Pvt. Ltd.,"Anamnagar, Kathmandu, Phone no 4771600",28.4375,84.16680556,Province 4,MANANG,Neshyang,9/7/2074,9/6/2076,Niti Foundation / DoED,2026-09-29
Upper Madi,25.0,Madi Khola,35,Operation,Operational,"Madi Power Pvt Ltd.,","GPO Box 2581, Gorakha Complex Minbhawan, Phone 01-4106507, 4106729, 4106731, Fax 01-4106640",28.27958333,84.0875,Province 4,KASKI,Madi,1/27/2067,1/26/2102,Niti Foundation / DoED,2026-09-29
Upper Madi 0,43.0,Madi,825,Survey,Proposal (Feasibility),Annapurna Power Company Pvt. Ltd,"Sanepa, Lalitpur, 9851042066",28.39583333,84.10833333,Province 4,KASKI,Madi,2/9/2074,2/8/2076,Niti Foundation / DoED,2026-09-29
Upper Mai -C,6.1,Mai Khola,95,Operation,Operational,"Mai Valley Hydropower P.L.,","P.O.Box 24194, Phone 01-5010631, Lalitpur Kathmandu",27.01125,87.96472222,Province 1,ILAM,Maijogmai,3/21/2070,3/20/2105,Niti Foundation / DoED,2026-09-29
Upper Mai Hydropower Project (Panchakanya Mai Hydropwer limi,12.0,Mai Khola,36,Operation,Operational,Mai Valley Hydropower P Ltd.,"Lalitpur - 3, Bakhundol , Pulchowk, Lalitpur, POB 24194, Ph 015010631,5010632",27.04055556,87.95416667,Province 1,ILAM,Sandakpur,4/23/2067,4/22/2102,Niti Foundation / DoED,2026-09-29
Upper Mailun Khola,14.3,Mailung Khola,79,Generation,Approved (Under Construction),Upper Mailung Khola Hydropower Limited.,"Baluwatar, Kathmandu, Nepal. Ph: 4436027, Fax: 4419703",28.11611111,85.2,Province 3,DHADING,Rubi Valley,9/20/2069,11/26/2106,Niti Foundation / DoED,2026-09-29
Upper Mailung -A,6.42,Mailung Khola,56,Generation,Approved (Under Construction),Energy Engineering Pvt. Ltd,"PO Box 9292,Ph 4915225",28.18541667,85.20833333,Province 3,DHADING,Rubi Valley,9/11/2068,9/10/2103,Niti Foundation / DoED,2026-09-29
Upper Mailung B Hydropower Project,7.5,Mailung Khola,752,Survey,Proposal (Feasibility),Sanima Hydropower Ltd,"Narayanchaur, Naxal, GPO 19737, Kathamndu",28.14791667,85.2,Province 3,RASUWA,Parbati Kunda,8/3/2073,8/2/2075,Niti Foundation / DoED,2026-09-29
Upper Maiwa HPP,15.5,Maiwa,912,Survey,Proposal (Feasibility),Jaya Kumar Limbu,"Dharan, mob.no. 9852045950, 9812398039",27.38555556,87.535,Province 1,TAPLEJUNG,Meringden,6/26/2074,6/25/2076,Niti Foundation / DoED,2026-09-29
Upper Mardi Hydropower Project,7.0,Mardi,181,Generation,Approved (Under Construction),United Idimardi and R.B. Hydropower Pvt Ltd,"Sanepa , Lalitpur Tel: 01-5520254, 52012027",28.38694444,83.88791667,Province 4,KASKI,Machhapuchchhre,10/14/2073,5/31/2108,Niti Foundation / DoED,2026-09-29
Upper Marsyangdi A,50.0,Marsyangdi,60,Operation,Operational,Sinohydro-Sagarmatha Power Company Pvt Ltd,"Sanepa , Lalitpur",28.30486111,84.38402778,Province 4,LAMJUNG,Dordi,12/17/2068,12/16/2103,Niti Foundation / DoED,2026-09-29
Upper Melamchi HEP,4.6,Melamchi,1014,Survey,Proposal (Feasibility),Gugeshwori Energy Pvt. Ltd,"Bajramarga, Baudhha Kathmandu",28.03041667,85.53333333,Province 3,SINDHUPALCHOK,Panchpokhari Thangpal,2/16/2075,2/15/2077,Niti Foundation / DoED,2026-09-29
Upper Mewa Khola -A HPP,28.22,Mewa Khola,878,Survey,Proposal (Feasibility),Surya Holding Company Pvt.Ltd.,"kathmandu-1, naxal, 9851024262 (Anil Joshi), 01-4002604,4435714",27.52527778,87.62625,Province 1,TAPLEJUNG,Phaktanglung,4/20/2074,4/19/2076,Niti Foundation / DoED,2026-09-29
Upper Midim Khola SHP,7.5,Midim Khola,720,Survey,Proposal (Feasibility),"Bhujung Hydro Power Pvt.Ltd.,","Kathmandu-34, Baneshowr, Kathmandu,4480564,9851026587",28.33208333,84.25472222,Province 4,LAMJUNG,Marsyangdi,2/20/2073,2/19/2076,Niti Foundation / DoED,2026-09-29
Upper Modi A,42.0,Modi Khola,135,Generation,Approved (Under Construction),Nepal Electricity Authority,"Durbarmarga, Kathmandu",28.3675,83.80736111,Province 4,KASKI,Machhapuchchhre,3/4/2072,3/3/2107,Niti Foundation / DoED,2026-09-29
Upper Modi HPP cascade project,14.0,Modi Khola,226,Generation,Approved (Under Construction),Nepal Electricity Authority,Kathmandu,28.32736111,83.78486111,Province 4,KASKI,Annapurna,12/2/2074,12/1/2109,Niti Foundation / DoED,2026-09-29
Upper Most Iwa Khola HEP,2.5,Iwa,1004,Survey,Proposal (Feasibility),Timbung Pokhari Hydro Pvt. Ltd,"9842058977, 9816325910",27.32708333,88.00555556,Province 1,PANCHTHAR,Yangwarak,1/26/2075,1/25/2077,Niti Foundation / DoED,2026-09-29
Upper Mudi HEP,12.73,Mudi,896,Survey,Proposal (Feasibility),Fresh Water Energy Pvt. Ltd.,Ka. Ma. Na. Pa-30,28.57083333,83.30652778,Province 4,MYAGDI,Dhaulagiri,5/21/2074,5/20/2076,Niti Foundation / DoED,2026-09-29
Upper Myagdi,20.0,Myagdi Khola,119,Generation,Approved (Under Construction),Hydro Empire P Ltd,"Bafal Sundhara, Kathmandu, P.O.Box 9713",28.53777778,83.37638889,Province 4,MYAGDI,Raghuganga,12/6/2070,12/5/2105,Niti Foundation / DoED,2026-09-29
Upper Myagdi-I HEP,80.0,Myagdi Khola,671,Survey,Proposal (Feasibility),Upper Myagdi Hydropower Pvt. Ltd,Ka. Ma.Na.Pa-31,28.48888889,83.36527778,Province 4,MYAGDI,Raghuganga,8/13/2070,8/12/2075,Niti Foundation / DoED,2026-09-29
Upper Nar Hydropower Project,31.77,Nar,956,Survey,Proposal (Feasibility),Universal Power Company P. Ltd,"Bluestar Compllex Tripureshor, 01-4101097",28.65694444,84.23472222,Province 4,MANANG,Narphu,8/12/2074,8/11/2076,Niti Foundation / DoED,2026-09-29
Upper Naugad Gad Hydropower Project,8.0,Naugad,177,Generation,Approved (Under Construction),Api Power Company Ltd.,"Trade Tower, Thapathali, Kathmandu. Phone: 015511033, 015111037, Fax: 015111035",29.73097222,80.63527778,Province 7,DARCHULA,Naugad,9/14/2073,9/14/2108,Niti Foundation / DoED,2026-09-29
Upper Nyasem A HEP,7.5,Nyasem Khola,886,Survey,Proposal (Feasibility),Sindhu Jwala Hydropower Pvt. Ltd.,"Hanumansthan -32, Ktm. Kabita Shrestha 9851010735, 01-4245184",28.02541667,85.85138889,Province 3,SINDHUPALCHOK,Jugal,5/5/2074,5/4/2076,Niti Foundation / DoED,2026-09-29
Upper Nyasim Khola,43.0,Nyasem Khola,176,Generation,Approved (Under Construction),Sindhujwala Hydropower P. Ltd,"Anamnagar, Kathmandu, Phone no. 4245184, 4238575, 9851010735, Email: sindhujwalahydropower@gmail.com",28.00555556,85.82777778,Province 3,SINDHUPALCHOK,Bhotekoshi,8/7/2073,8/6/2108,Niti Foundation / DoED,2026-09-29
Upper Pikhuwa HPP,2.0,Pikhuwa,751,Survey,Proposal (Feasibility),Sumnima Hydropower Company Pvt.Ltd.,"Hulaktole Marg ,Kathmandu-15, phone no 9851097087",27.23875,86.99305556,Province 1,BHOJPUR,Tyamkemaiyung,8/2/2073,8/1/2075,Niti Foundation / DoED,2026-09-29
Upper Piluwa 3 HPP,4.95,Piluwa Khola,942,Survey,Proposal (Feasibility),Mabilung Energy Pvt.Ltd,"Kathmandu-34,Sachetanmarg New Baneshower, house no. 162,016922762,9843142092,9851150167,mabilungenergy@gmail.com",27.29805556,87.41416667,Province 1,TAPLEJUNG,Maiwakhola,7/26/2074,7/25/2076,Niti Foundation / DoED,2026-09-29
Upper Piluwa Khola-2 SHP,4.72,Piluwa Khola,149,Generation,Approved (Under Construction),"Menchhiyam Hydropower P Ltd. Itahari,Sunsari,9841521159","PO Box no 8975 EPC 1030 Kathmandu, Phone no 4008602, 9843142092",27.29736111,87.39708333,Province 1,SANKHUWASABHA,Panchakhapan,9/3/2072,9/2/2107,Niti Foundation / DoED,2026-09-29
Upper Piluwa-1,8.51,Piluwa,903,Survey,Proposal (Feasibility),Menchhiyam Hydropower P Ltd.,Lainchaur Kathmandu,27.29138889,87.36861111,Province 1,SANKHUWASABHA,Chainpur,5/30/2074,5/29/2076,Niti Foundation / DoED,2026-09-29
Upper Puwa-1,3.0,Puwa,90,Operation,Operational,Joshi Hydropower Co. P. Ltd,"Newbaneswor, KathmanduTel: 01-4115787",27.00513889,87.89166667,Province 1,PANCHTHAR,Falelung,2/6/2070,2/5/2105,Niti Foundation / DoED,2026-09-29
Upper Richet Khola SHP,2.0,Richet,692,Survey,Proposal (Feasibility),Upper Richet Hydropower Pvt. Ltd.,"Lalitpur-1, Kupondole",28.19013889,84.93902778,Province 3,DHADING,Rubi Valley,10/2/2071,10/1/2075,Niti Foundation / DoED,2026-09-29
Upper Rukum Gad HPP,4.73,"Rukum Gad(Lukum,Thaban,Kuchiba",774,Survey,Proposal (Feasibility),Gandaki Energy Limited,Tipureshor. Kathamndu,28.58097222,82.63875,Province 5,RUKUM_E,Putha Uttarganga,8/27/2073,8/26/2075,Niti Foundation / DoED,2026-09-29
Upper Sagu HPP,10.0,"Khartal,Kothali(Sagu)",710,Survey,Proposal (Feasibility),Sanjay Shrestha,"Gongbu, Kathmandu",27.86416667,86.09944444,Province 3,SINDHUPALCHOK,Bhotekoshi,9/3/2072,9/2/2075,Niti Foundation / DoED,2026-09-29
Upper Sanjen,14.8,Sanjen,69,Generation,Approved (Under Construction),Sanjen Jalvidhyut Co,"Das Tower Lazimpat, Kathmandu, 01-4002049, Fax 4443077",28.22847222,85.28958333,Province 3,RASUWA,Gosaikunda,5/7/2069,5/6/2104,Niti Foundation / DoED,2026-09-29
Upper Sankhuwa Khola HEP,24.0,Sankhuwa,1024,Survey,Proposal (Feasibility),Happy Energy Pvt. Ltd,Kathmandu,27.54305556,87.04513889,Province 1,SANKHUWASABHA,Silichong,3/26/2075,3/25/2077,Niti Foundation / DoED,2026-09-29
Upper Sardi Hydropower Project,3.3,"Sardi, kutmi",810,Survey,Proposal (Feasibility),Mandakini Hydropower Ltd,"316 Baburam Acharya Sadak, Sinamangal Kathamndu. Ph No. 4461574, email: mandakini.hydropower@gmail.com",28.36305556,84.02486111,Province 4,KASKI,Madi,1/22/2074,1/21/2076,Niti Foundation / DoED,2026-09-29
Upper Seti Hydropower Project,20.0,Seti Khola,725,Survey,Proposal (Feasibility),Upper Seti Hydro Pvt.Ltd.,"Anamnaga-32,Kathmandu, PO Box 12662,9851147724",28.42305556,83.99041667,Province 4,KASKI,Machhapuchchhre,3/10/2073,3/9/2075,Niti Foundation / DoED,2026-09-29
Upper Seti-1 HEP,13.0,Seti Khola,831,Survey,Proposal (Feasibility),Shrestha Energy Solution Pvt. Ltd,"Budanilkantha-4, Kathmandu,9851026329",28.29416667,83.94861111,Province 4,KASKI,Machhapuchchhre,2/10/2074,2/9/2076,Niti Foundation / DoED,2026-09-29
Upper Siddhi khola HEP,3.86,Siddhi Khola,750,Survey,Proposal (Feasibility),Birta Power Pvt.Ltd.,"129/40212 Kathmandu-35,pepsi cola town planning.",26.85152778,88.12111111,Province 1,ILAM,Suryodaya,8/1/2073,7/30/2075,Niti Foundation / DoED,2026-09-29
Upper Simbuwa Khola HPP,46.81,Simbuwa Khola,891,Survey,Proposal (Feasibility),Simbuwa Hydropower Pvt.ltd.,"Durbar Marg, Kathmandu, Nepal",27.51138889,87.88680556,Province 1,TAPLEJUNG,Phaktanglung,5/16/2074,5/15/2076,Niti Foundation / DoED,2026-09-29
Upper Sit Khola SHP,0.905,Sit,0,Survey,Proposal (Feasibility),Alliance Energy Solutions Pvt Ltd,"GPO Box: 8957, Kathmandu, Tel: 9841476737",27.85833333,83.05111111,Province 5,ARGHAKHANCHI,Sitganga,2/4/2071,0/1/0,Niti Foundation / DoED,2026-09-29
Upper Siwa Khola HPP,8.18,Siwa Khola,879,Survey,Proposal (Feasibility),BLAV Energy Pvt.Ltd.,"naxsal,kathmandu",27.51555556,87.57597222,Province 1,TAPLEJUNG,Mikwakhola,4/23/2074,4/22/2076,Niti Foundation / DoED,2026-09-29
Upper Solu Khola HPP,18.0,Solu Khola,169,Generation,Approved (Under Construction),Beni Hydropower Project,0,27.535,86.58138889,Province 1,SOLUKHUMBU,Solududhakunda,5/16/2073,11/16/2106,Niti Foundation / DoED,2026-09-29
Upper Sunigad HEP,8.42,Suni Gad,906,Survey,Proposal (Feasibility),Omega EnergyDeveloper Pvt. Ltd,"Kathmandu-4, Chandol, 01-4436184",29.68055556,81.21875,Province 7,BAJHANG,Talkot,6/1/2074,5/30/2076,Niti Foundation / DoED,2026-09-29
Upper Suri Khola HPP,7.0,"Hulak,Kolung",698,Survey,Proposal (Feasibility),Makar Jitumaya Hudropower Pvt.Ltd.,"Kathmandu-11,Tripureswor,",27.73333333,86.26805556,Province 3,DOLAKHA,Gaurishankar,11/11/2071,11/10/2075,Niti Foundation / DoED,2026-09-29
Upper Syange Khola SHP,2.4,Syange,197,Generation,Approved (Under Construction),Upper Syange Hydropower Pvt. Ltd.,"Samakhusi, Kathmandu, P. O. Box: 8975, Phone: 4357646, Fax: 4354186",28.38916667,84.38916667,Province 4,LAMJUNG,Marsyangdi,2/22/2074,2/21/2109,Niti Foundation / DoED,2026-09-29
Upper Tadi,11.0,Tadi Khola,144,Generation,Approved (Under Construction),Surya Kund Hydro Electric Pvt. Ltd.,"Anam Nagar Kathmandu, Phone 01-4770245, 01-4771285 Fax 01-4771109",27.97152778,85.43347222,Province 3,NUWAKOT,Langtang National Park,6/22/2072,6/21/2107,Niti Foundation / DoED,2026-09-29
Upper Taksu Small HPP,4.87,thaksu,790,Survey,Proposal (Feasibility),Myagdi Power Development Pvt.,"5th floor trade Tower , thapathali,kathmandu,9851033958,9841483385",28.91125,82.44513889,Province 6,DOLPA,Mudkechula,11/24/2073,11/23/2075,Niti Foundation / DoED,2026-09-29
Upper Tamakoshi HPP,456.0,Tama Koshi,41,Generation,Approved (Under Construction),Upper Tamakoshi Hydropower Limited,"Kathmandu,GPO Box: 26070 , Tel: 4420295, Fax: 4412569",27.88055556,86.21666667,Province 3,DOLAKHA,Bigu,8/17/2067,8/16/2102,Niti Foundation / DoED,2026-09-29
Upper Tamor,285.0,Tamor,234,Generation,Approved (Under Construction),Tamor Sanima Energy P. Ltd,"P.O. Box: 19737, Ph: 4445952, Fax: 4425953",27.46722222,87.74763889,Province 1,TAPLEJUNG,Phaktanglung,2/27/2075,2/26/2110,Niti Foundation / DoED,2026-09-29
Upper Tamor A HPP,72.0,Tamor,845,Survey,Proposal (Feasibility),Union Hydropower Limited,Lalitpur 3 Dhobighat,27.68194444,87.77013889,Province 1,TAPLEJUNG,Phaktanglung,2/26/2074,2/25/2076,Niti Foundation / DoED,2026-09-29
Upper Tamor HEP,32.5,Tamor,947,Survey,Proposal (Feasibility),Upper Tmor Hydropower Pvt. Ltd.,"Durbarmarg Kathmandu, 01-4256459, 9851019871",27.56347222,87.79847222,Province 1,TAPLEJUNG,Phaktanglung,8/1/2074,7/30/2076,Niti Foundation / DoED,2026-09-29
Upper Trishuli 3A,60.0,Trishuli,43,Generation,Approved (Under Construction),Nepal Electricity Authority,"Durbar Marg , Kathmandu",28.04652778,85.19916667,Province 3,RASUWA,Kalika,11/15/2067,11/14/2102,Niti Foundation / DoED,2026-09-29
Upper Trishuli 3B,37.0,Trishuli,104,Generation,Approved (Under Construction),Nepal Electricity Authority,0,28.00458333,85.185,Province 3,RASUWA,Uttargaya,4/27/2070,4/26/2105,Niti Foundation / DoED,2026-09-29
Upper Trishuli-1,216.0,Trishuli,209,Generation,Approved (Under Construction),Nepal Water & Energy Development Co. P. Ltd,"Narayan Chaur, Naxal, Kathmandu P.O.Box: 786, Ph: 4412257, 4412229",28.10125,85.25597222,Province 3,RASUWA,Parbati Kunda,7/23/2074,7/22/2109,Niti Foundation / DoED,2026-09-29
Upper Trishuli-I Cascade HEP,24.6,Trishuli Ganga,1006,Survey,Proposal (Feasibility),Sahan Engineering Concern Pvt. Ltd,"Sunakothi, Lalitpur",28.0725,85.20902778,Province 3,RASUWA,Parbati Kunda,2/9/2075,2/8/2077,Niti Foundation / DoED,2026-09-29
Uttarganga Storage Hydropower Project,828.0,Uttar Ganga,703,Survey,Proposal (Feasibility),Nepal Electricity Authority,"Durbar Marg , Kathmandu, GPO Box: 10020",28.44763889,83.00944444,Province 4,BAGLUNG,Nisikhola,3/29/2072,3/27/2076,Niti Foundation / DoED,2026-09-29
Yambaling Khola,7.271,Yambling,172,Generation,Approved (Under Construction),Yamling Hydropower Pvt Ltd,"8461, Battisputali , Kathmandu Tel: 98511140280,014215238, email: ymlhydro@gmail.com",27.94666667,85.81180556,Province 3,SINDHUPALCHOK,Jugal,6/9/2073,6/8/2108,Niti Foundation / DoED,2026-09-29
